data_type,report_date,month,category,sr_no,instrument_name,isin,industry_sector,quantity,market_value_lakhs,pct_nav,ai_action_strategy
2016 Historical Actual,2016-01-31,January,Core Equity,1,Axis Bank Ltd,INE238A01034,Banks,627579.0,2563.0326,4.175,Historical Holding
2016 Historical Actual,2016-01-31,January,Core Equity,2,Balkrishna Industries Ltd,INE787D01026,Auto Ancillaries,229215.0,1394.8879,2.2722,Historical Holding
2016 Historical Actual,2016-01-31,January,Core Equity,3,Gujarat Gas Ltd,INE844O01022,Gas,298660.0,1709.2312,2.7842,Historical Holding
2016 Historical Actual,2016-01-31,January,Core Equity,4,HDFC Bank Ltd,INE040A01026,Banks,201255.0,2112.8756,3.4418,Historical Holding
2016 Historical Actual,2016-01-31,January,Core Equity,5,ICICI Bank Ltd,INE090A01021,Banks,1026870.0,2363.3413,3.8498,Historical Holding
2016 Historical Actual,2016-01-31,January,Core Equity,6,ICRA Ltd,INE725G01011,Finance,88428.0,3407.0866,5.55,Historical Holding
2016 Historical Actual,2016-01-31,January,Core Equity,7,IL&FS Investment Managers Ltd,INE050B01023,Finance,11370900.0,2046.762,3.3341,Historical Holding
2016 Historical Actual,2016-01-31,January,Core Equity,8,Indraprastha Gas Ltd,INE203G01019,Gas,353400.0,1978.5099,3.2229,Historical Holding
2016 Historical Actual,2016-01-31,January,Core Equity,9,IPCA Laboratories Ltd,INE571A01020,Pharmaceuticals,186663.0,1248.6821,2.034,Historical Holding
2016 Historical Actual,2016-01-31,January,Core Equity,10,Maharashtra Scooters Ltd,INE288A01013,Auto Ancillaries,388489.0,4737.8176,7.7176,Historical Holding
2016 Historical Actual,2016-01-31,January,Core Equity,11,Mahindra Holidays & Reorts India Ltd,INE998I01010,"Hotels, Resorts And Other Recreational Activities",574281.0,2289.0841,3.7288,Historical Holding
2016 Historical Actual,2016-01-31,January,Core Equity,12,Mphasis Ltd(prev)Mphasis BFL Ltd,INE356A01018,Software,363500.0,1658.1053,2.701,Historical Holding
2016 Historical Actual,2016-01-31,January,Core Equity,13,MT Educare Ltd,INE472M01018,Diversified Consumer Services,178078.0,293.3835,0.4779,Historical Holding
2016 Historical Actual,2016-01-31,January,Core Equity,14,Noida Toll Bridge Company Ltd,INE781B01015,Transportation,8748218.0,2064.5794,3.3631,Historical Holding
2016 Historical Actual,2016-01-31,January,Core Equity,15,Persistent Systems Ltd,INE262H01013,Software,428244.0,2838.8295,4.6243,Historical Holding
2016 Historical Actual,2016-01-31,January,Core Equity,16,Pfizer (I) Ltd,INE182A01018,Pharmaceuticals,33600.0,751.38,1.224,Historical Holding
2016 Historical Actual,2016-01-31,January,Core Equity,17,Selan Exploration Technology Ltd,INE818A01017,Oil,168012.0,323.3391,0.5267,Historical Holding
2016 Historical Actual,2016-01-31,January,Core Equity,18,Standard Chartered PLC IDR,INE028L21018,Banks,244992.0,111.9613,0.1824,Historical Holding
2016 Historical Actual,2016-01-31,January,Core Equity,19,Zydus Wellness Ltd,INE768C01010,Consumer Non Durables,370018.0,2771.8048,4.5151,Historical Holding
2016 Historical Actual,2016-01-31,January,Special Situation / Arbitrage,20,Cipla Ltd,INE059A01026,Pharmaceuticals,142400.0,833.1824,1.3572,Historical Holding
2016 Historical Actual,2016-01-31,January,Special Situation / Arbitrage,21,Tata Motors Ltd,INE155A01022,Auto,300000.0,1010.7,1.6464,Historical Holding
2016 Historical Actual,2016-01-31,January,Special Situation / Arbitrage,22,Yes Bank Ltd,INE528G01019,Banks,280000.0,2091.04,3.4062,Historical Holding
2016 Historical Actual,2016-01-31,January,Foreign Equity / ADRs,26,3M CO,US88579Y1010,Industrial Conglomerates,17755.0,1773.0296,2.8882,Historical Holding
2016 Historical Actual,2016-01-31,January,Foreign Equity / ADRs,27,Alphabet INC,US02079K1079,Internet Software & Services,16593.0,8221.5201,13.3924,Historical Holding
2016 Historical Actual,2016-01-31,January,Foreign Equity / ADRs,28,Anheuser Busch Inbev SA-ADR,US03524A1088,Brewers,8316.0,689.4052,1.123,Historical Holding
2016 Historical Actual,2016-01-31,January,Foreign Equity / ADRs,29,International Business Machines Corp,US4592001014,IT Consulting & Other Services,20895.0,1731.0845,2.8198,Historical Holding
2016 Historical Actual,2016-01-31,January,Foreign Equity / ADRs,30,Nestle SA-ADR,US6410694060,Packaged Foods,37010.0,1801.7648,2.935,Historical Holding
2016 Historical Actual,2016-01-31,January,Foreign Equity / ADRs,31,Standard Chartered PLC,GB0004082847,Diversified Banks,32218.0,143.5656,0.2339,Historical Holding
2016 Historical Actual,2016-01-31,January,Foreign Equity / ADRs,32,United Parcel Services INC,US9113121068,Logistics,39675.0,2447.3266,3.9866,Historical Holding
2016 Historical Actual,2016-02-29,February,Core Equity,1,Axis Bank Ltd,INE238A01034,Bank,627579.0,2358.1281,4.0123,Historical Holding
2016 Historical Actual,2016-02-29,February,Core Equity,2,Balkrishna Industries Ltd,INE787D01026,Auto Ancillaries,229215.0,1306.5255,2.223,Historical Holding
2016 Historical Actual,2016-02-29,February,Core Equity,3,Gujarat Gas Ltd,INE844O01022,Gas,298660.0,1437.0026,2.445,Historical Holding
2016 Historical Actual,2016-02-29,February,Core Equity,4,HDFC Bank Ltd,INE040A01026,Bank,248370.0,2413.7838,4.107,Historical Holding
2016 Historical Actual,2016-02-29,February,Core Equity,5,ICICI Bank Ltd,INE090A01021,Bank,1026870.0,1951.5664,3.3205,Historical Holding
2016 Historical Actual,2016-02-29,February,Core Equity,6,ICRA Ltd,INE725G01011,Finance,88428.0,3283.3759,5.5865,Historical Holding
2016 Historical Actual,2016-02-29,February,Core Equity,7,IL&FS Investment Managers Ltd,INE050B01023,Finance,11370900.0,1745.4332,2.9698,Historical Holding
2016 Historical Actual,2016-02-29,February,Core Equity,8,Indraprastha Gas Ltd,INE203G01019,Gas,353400.0,1796.5089,3.0567,Historical Holding
2016 Historical Actual,2016-02-29,February,Core Equity,9,IPCA Laboratories Ltd,INE571A01020,Pharmaceuticals,206663.0,1167.1293,1.9858,Historical Holding
2016 Historical Actual,2016-02-29,February,Core Equity,10,Maharashtra Scooters Ltd,INE288A01013,Auto Ancillaries,388489.0,4396.3358,7.4802,Historical Holding
2016 Historical Actual,2016-02-29,February,Core Equity,11,Mahindra Holidays & Reorts India Ltd,INE998I01010,"Hotels,Resorts And Other",574281.0,2075.7387,3.5318,Historical Holding
2016 Historical Actual,2016-02-29,February,Core Equity,12,Mphasis Ltd(prev)Mphasis BFL Ltd,INE356A01018,Software,363500.0,1528.881,2.6013,Historical Holding
2016 Historical Actual,2016-02-29,February,Core Equity,13,MT Educare Ltd,INE472M01018,Diversified Consumer Services,178078.0,249.3092,0.4242,Historical Holding
2016 Historical Actual,2016-02-29,February,Core Equity,14,Noida Toll Bridge Company Ltd,INE781B01015,Transportation,8748218.0,1946.4785,3.3119,Historical Holding
2016 Historical Actual,2016-02-29,February,Core Equity,15,Persistent Systems Ltd,INE262H01013,Software,430073.0,2613.5536,4.4469,Historical Holding
2016 Historical Actual,2016-02-29,February,Core Equity,16,Pfizer (I) Ltd,INE182A01018,Pharmaceuticals,33600.0,618.3576,1.0521,Historical Holding
2016 Historical Actual,2016-02-29,February,Core Equity,17,Selan Exploration Technology Ltd,INE818A01017,Oil,168012.0,258.7385,0.4402,Historical Holding
2016 Historical Actual,2016-02-29,February,Core Equity,18,Standard Chartered PLC IDR,INE028L21018,Bank,244992.0,97.0168,0.1651,Historical Holding
2016 Historical Actual,2016-02-29,February,Core Equity,19,Zydus Wellness Ltd,INE768C01010,Consumer Non Durables,371395.0,2397.5404,4.0793,Historical Holding
2016 Historical Actual,2016-02-29,February,Special Situation / Arbitrage,20,Cipla Ltd,INE059A01026,Pharmaceuticals,142400.0,732.1496,1.2457,Historical Holding
2016 Historical Actual,2016-02-29,February,Special Situation / Arbitrage,21,Infosys Ltd,INE009A01021,Software,30000.0,325.215,0.5533,Historical Holding
2016 Historical Actual,2016-02-29,February,Special Situation / Arbitrage,22,ITC Ltd,INE154A01025,Consumer Non Durables,99200.0,293.2848,0.499,Historical Holding
2016 Historical Actual,2016-02-29,February,Special Situation / Arbitrage,23,TATA Consultancy Services Ltd,INE467B01029,Software,26000.0,565.968,0.963,Historical Holding
2016 Historical Actual,2016-02-29,February,Special Situation / Arbitrage,24,Tata Motors Ltd,INE155A01022,Auto,393000.0,1177.821,2.004,Historical Holding
2016 Historical Actual,2016-02-29,February,Special Situation / Arbitrage,25,Yes Bank Ltd,INE528G01019,Bank,280000.0,1929.2,3.2825,Historical Holding
2016 Historical Actual,2016-02-29,February,Foreign Equity / ADRs,31,3M CO,US88579Y1010,Industrial Conglomerates,17755.0,1922.5189,3.2711,Historical Holding
2016 Historical Actual,2016-02-29,February,Foreign Equity / ADRs,32,Alphabet INC,US02079K1079,Software,16593.0,8004.0258,13.6185,Historical Holding
2016 Historical Actual,2016-02-29,February,Foreign Equity / ADRs,33,Anheuser Busch Inbev SA-ADR,US03524A1088,Consumer Misc,8316.0,638.748,1.0868,Historical Holding
2016 Historical Actual,2016-02-29,February,Foreign Equity / ADRs,34,International Business Machines Corp,US4592001014,Software,20895.0,1887.4103,3.2114,Historical Holding
2016 Historical Actual,2016-02-29,February,Foreign Equity / ADRs,35,Nestle SA-ADR,US6410694060,Consumer-Food Proc,37010.0,1793.5699,3.0517,Historical Holding
2016 Historical Actual,2016-02-29,February,Foreign Equity / ADRs,36,Standard Chartered PLC,GB0004082847,Bank,32218.0,131.2988,0.2234,Historical Holding
2016 Historical Actual,2016-02-29,February,Foreign Equity / ADRs,37,United Parcel Services INC,US9113121068,Logistics,39675.0,2644.8774,4.5002,Historical Holding
2016 Historical Actual,2016-04-30,April,Core Equity,1,Axis Bank Ltd,INE238A01034,Bank,627579.0,2964.6832,4.4656,Historical Holding
2016 Historical Actual,2016-04-30,April,Core Equity,2,Balkrishna Industries Ltd,INE787D01026,Auto Ancillaries,229215.0,1526.3427,2.2991,Historical Holding
2016 Historical Actual,2016-04-30,April,Core Equity,3,Gujarat Gas Ltd,INE844O01022,Gas,298660.0,1600.2203,2.4104,Historical Holding
2016 Historical Actual,2016-04-30,April,Core Equity,4,HDFC Bank Ltd,INE040A01026,Bank,258370.0,2925.6527,4.4068,Historical Holding
2016 Historical Actual,2016-04-30,April,Core Equity,5,ICICI Bank Ltd,INE090A01021,Bank,1026870.0,2433.1685,3.665,Historical Holding
2016 Historical Actual,2016-04-30,April,Core Equity,6,ICRA Ltd,INE725G01011,Finance,88428.0,3660.0349,5.513,Historical Holding
2016 Historical Actual,2016-04-30,April,Core Equity,7,IL&FS Investment Managers Ltd,INE050B01023,Finance,11370900.0,2080.8747,3.1343,Historical Holding
2016 Historical Actual,2016-04-30,April,Core Equity,8,Indraprastha Gas Ltd,INE203G01019,Gas,353400.0,2026.0422,3.0518,Historical Holding
2016 Historical Actual,2016-04-30,April,Core Equity,9,IPCA Laboratories Ltd,INE571A01020,Pharmaceuticals,236663.0,1177.9901,1.7744,Historical Holding
2016 Historical Actual,2016-04-30,April,Core Equity,10,Maharashtra Scooters Ltd,INE288A01013,Auto Ancillaries,388489.0,4914.9686,7.4032,Historical Holding
2016 Historical Actual,2016-04-30,April,Core Equity,11,Mahindra Holidays & Resorts India Ltd,INE998I01010,"Hotels,Resorts And Other",574281.0,2289.9455,3.4493,Historical Holding
2016 Historical Actual,2016-04-30,April,Core Equity,12,Mphasis Ltd(prev)Mphasis BFL Ltd,INE356A01018,Software,363500.0,1778.4237,2.6788,Historical Holding
2016 Historical Actual,2016-04-30,April,Core Equity,13,MT Educare Ltd,INE472M01018,Diversified Consumer Services,178078.0,301.4861,0.4541,Historical Holding
2016 Historical Actual,2016-04-30,April,Core Equity,14,Noida Toll Bridge Company Ltd,INE781B01015,Transportation,8748218.0,1977.0973,2.978,Historical Holding
2016 Historical Actual,2016-04-30,April,Core Equity,15,Persistent Systems Ltd,INE262H01013,Software,430073.0,3193.5071,4.8103,Historical Holding
2016 Historical Actual,2016-04-30,April,Core Equity,16,Pfizer (I) Ltd,INE182A01018,Pharmaceuticals,33600.0,584.1528,0.8799,Historical Holding
2016 Historical Actual,2016-04-30,April,Core Equity,17,Selan Exploration Technology Ltd,INE818A01017,Oil,168012.0,332.3277,0.5006,Historical Holding
2016 Historical Actual,2016-04-30,April,Core Equity,18,Zydus Wellness Ltd,INE768C01010,Consumer Non Durables,371395.0,2783.7912,4.1931,Historical Holding
2016 Historical Actual,2016-04-30,April,Special Situation / Arbitrage,19,Cipla Ltd,INE059A01026,Pharmaceuticals,142400.0,764.688,1.1518,Historical Holding
2016 Historical Actual,2016-04-30,April,Special Situation / Arbitrage,20,Coal India Ltd,INE522F01014,Minerals & Mining,290400.0,836.4972,1.26,Historical Holding
2016 Historical Actual,2016-04-30,April,Special Situation / Arbitrage,21,Infosys Ltd,INE009A01021,Software,77500.0,936.2775,1.4103,Historical Holding
2016 Historical Actual,2016-04-30,April,Special Situation / Arbitrage,22,ITC Ltd,INE154A01025,Consumer Non Durables,99200.0,322.3504,0.4855,Historical Holding
2016 Historical Actual,2016-04-30,April,Special Situation / Arbitrage,23,Tata Motors Ltd,INE155A01022,Auto,393000.0,1604.8155,2.4173,Historical Holding
2016 Historical Actual,2016-04-30,April,Special Situation / Arbitrage,24,Yes Bank Ltd,INE528G01019,Bank,74200.0,699.6689,1.0539,Historical Holding
2016 Historical Actual,2016-04-30,April,Foreign Equity / ADRs,31,3M CO,US88579Y1010,Industrial Conglomerates,17755.0,1966.4444,2.962,Historical Holding
2016 Historical Actual,2016-04-30,April,Foreign Equity / ADRs,32,Alphabet INC,US02079K1079,Software,16593.0,7604.3141,11.4541,Historical Holding
2016 Historical Actual,2016-04-30,April,Foreign Equity / ADRs,33,Anheuser Busch Inbev SA-ADR,US03524A1088,Consumer Misc,8316.0,690.2788,1.0397,Historical Holding
2016 Historical Actual,2016-04-30,April,Foreign Equity / ADRs,34,International Business Machines Corp,US4592001014,Software,20920.0,2040.4704,3.0735,Historical Holding
2016 Historical Actual,2016-04-30,April,Foreign Equity / ADRs,35,Nestle SA-ADR  *,US6410694060,Consumer-Food Proc,37010.0,1824.9231,2.7488,Historical Holding
2016 Historical Actual,2016-04-30,April,Foreign Equity / ADRs,36,Standard Chartered PLC,GB0004082847,Bank,56717.0,313.899,0.4728,Historical Holding
2016 Historical Actual,2016-04-30,April,Foreign Equity / ADRs,37,United Parcel Services INC,US9113121068,Logistics,39675.0,2760.4402,4.158,Historical Holding
2016 Historical Actual,2016-05-31,May,Core Equity,1,Axis Bank Ltd,INE238A01034,Bank,627579.0,3233.287,4.7277,Historical Holding
2016 Historical Actual,2016-05-31,May,Core Equity,2,Balkrishna Industries Ltd,INE787D01026,Auto Ancillaries,229215.0,1526.9157,2.2327,Historical Holding
2016 Historical Actual,2016-05-31,May,Core Equity,3,Gujarat Gas Ltd,INE844O01022,Gas,298660.0,1556.7652,2.2763,Historical Holding
2016 Historical Actual,2016-05-31,May,Core Equity,4,HDFC Bank Ltd,INE040A01026,Bank,258370.0,3053.675,4.4651,Historical Holding
2016 Historical Actual,2016-05-31,May,Core Equity,5,ICICI Bank Ltd,INE090A01021,Bank,1026870.0,2512.2375,3.6734,Historical Holding
2016 Historical Actual,2016-05-31,May,Core Equity,6,ICRA Ltd,INE725G01011,Finance,88428.0,3823.0962,5.5902,Historical Holding
2016 Historical Actual,2016-05-31,May,Core Equity,7,IL&FS Investment Managers Ltd,INE050B01023,Finance,11370900.0,1756.804,2.5688,Historical Holding
2016 Historical Actual,2016-05-31,May,Core Equity,8,Indraprastha Gas Ltd,INE203G01019,Gas,353400.0,1973.9157,2.8863,Historical Holding
2016 Historical Actual,2016-05-31,May,Core Equity,9,IPCA Laboratories Ltd,INE571A01020,Pharmaceuticals,236663.0,1017.4142,1.4877,Historical Holding
2016 Historical Actual,2016-05-31,May,Core Equity,10,Maharashtra Scooters Ltd,INE288A01013,Auto Ancillaries,388489.0,5028.9901,7.3534,Historical Holding
2016 Historical Actual,2016-05-31,May,Core Equity,11,Mahindra Holidays & Resorts India Ltd,INE998I01010,"Hotels,Resorts And Other",574281.0,2380.969,3.4815,Historical Holding
2016 Historical Actual,2016-05-31,May,Core Equity,12,Mphasis Ltd(prev)Mphasis BFL Ltd,INE356A01018,Software,363500.0,1905.6488,2.7865,Historical Holding
2016 Historical Actual,2016-05-31,May,Core Equity,13,MT Educare Ltd,INE472M01018,Diversified Consumer Services,178078.0,328.5539,0.4804,Historical Holding
2016 Historical Actual,2016-05-31,May,Core Equity,14,Noida Toll Bridge Company Ltd,INE781B01015,Transportation,8748218.0,2012.0901,2.9421,Historical Holding
2016 Historical Actual,2016-05-31,May,Core Equity,15,Persistent Systems Ltd,INE262H01013,Software,430073.0,3165.1222,4.6281,Historical Holding
2016 Historical Actual,2016-05-31,May,Core Equity,16,Pfizer (I) Ltd,INE182A01018,Pharmaceuticals,33600.0,635.9808,0.9299,Historical Holding
2016 Historical Actual,2016-05-31,May,Core Equity,17,Selan Exploration Technology Ltd,INE818A01017,Oil,168012.0,314.6025,0.46,Historical Holding
2016 Historical Actual,2016-05-31,May,Core Equity,18,Zydus Wellness Ltd,INE768C01010,Consumer Non Durables,371395.0,2869.5835,4.1959,Historical Holding
2016 Historical Actual,2016-05-31,May,Special Situation / Arbitrage,19,Cipla Ltd,INE059A01026,Pharmaceuticals,142400.0,673.0536,0.9841,Historical Holding
2016 Historical Actual,2016-05-31,May,Special Situation / Arbitrage,20,Coal India Ltd,INE522F01014,Minerals & Mining,290400.0,846.2256,1.2374,Historical Holding
2016 Historical Actual,2016-05-31,May,Special Situation / Arbitrage,21,Infosys Ltd,INE009A01021,Software,143000.0,1785.5695,2.6109,Historical Holding
2016 Historical Actual,2016-05-31,May,Special Situation / Arbitrage,22,ITC Ltd,INE154A01025,Consumer Non Durables,99200.0,348.2416,0.5092,Historical Holding
2016 Historical Actual,2016-05-31,May,Special Situation / Arbitrage,23,Tata Motors Ltd,INE155A01022,Auto,393000.0,1806.4245,2.6414,Historical Holding
2016 Historical Actual,2016-05-31,May,Special Situation / Arbitrage,24,Yes Bank Ltd,INE528G01019,Bank,74200.0,766.486,1.1208,Historical Holding
2016 Historical Actual,2016-05-31,May,Foreign Equity / ADRs,31,3M CO,US88579Y1010,Industrial Conglomerates,17755.0,2016.7366,2.9489,Historical Holding
2016 Historical Actual,2016-05-31,May,Foreign Equity / ADRs,32,Alphabet INC,US02079K1079,Software,16593.0,8176.2088,11.9553,Historical Holding
2016 Historical Actual,2016-05-31,May,Foreign Equity / ADRs,33,Anheuser Busch Inbev SA-ADR,US03524A1088,Consumer Misc,8316.0,706.3306,1.0328,Historical Holding
2016 Historical Actual,2016-05-31,May,Foreign Equity / ADRs,34,APPLE Inc,US0378331005,Software,1800.0,121.4827,0.1776,Historical Holding
2016 Historical Actual,2016-05-31,May,Foreign Equity / ADRs,35,International Business Machines Corp,US4592001014,Software,20920.0,2150.42,3.1444,Historical Holding
2016 Historical Actual,2016-05-31,May,Foreign Equity / ADRs,36,Nestle SA-ADR *,US6410694060,Consumer-Food Proc,37010.0,1865.3372,2.7275,Historical Holding
2016 Historical Actual,2016-05-31,May,Foreign Equity / ADRs,37,Standard Chartered PLC,GB0004082847,Bank,56717.0,302.771,0.4427,Historical Holding
2016 Historical Actual,2016-05-31,May,Foreign Equity / ADRs,38,United Parcel Services INC,US9113121068,Logistics,39675.0,2747.8587,4.0179,Historical Holding
2016 Historical Actual,2016-07-31,July,Core Equity,1,Maharashtra Scooters Ltd,INE288A01013,Auto Ancillaries,385489.0,6244.1508,9.4016,Historical Holding
2016 Historical Actual,2016-07-31,July,Core Equity,2,HDFC Bank Ltd,INE040A01026,Bank,369070.0,4599.3503,6.9251,Historical Holding
2016 Historical Actual,2016-07-31,July,Core Equity,3,ICRA Ltd,INE725G01011,Finance,87430.0,3235.9154,4.8722,Historical Holding
2016 Historical Actual,2016-07-31,July,Core Equity,4,Persistent Systems Ltd,INE262H01013,Software,430073.0,2952.0211,4.4448,Historical Holding
2016 Historical Actual,2016-07-31,July,Core Equity,5,Zydus Wellness Ltd,INE768C01010,Consumer Non Durables,371729.0,2945.3947,4.4348,Historical Holding
2016 Historical Actual,2016-07-31,July,Core Equity,6,Axis Bank Ltd,INE238A01034,Bank,505179.0,2759.0351,4.1542,Historical Holding
2016 Historical Actual,2016-07-31,July,Core Equity,7,Mahindra Holidays & Resorts India Ltd,INE998I01010,"Hotels,Resorts And Other",574281.0,2522.8164,3.7985,Historical Holding
2016 Historical Actual,2016-07-31,July,Core Equity,8,Indraprastha Gas Ltd,INE203G01019,Gas,353400.0,2291.2689,3.4499,Historical Holding
2016 Historical Actual,2016-07-31,July,Core Equity,9,Noida Toll Bridge Company Ltd,INE781B01015,Transportation,8748218.0,2060.2053,3.102,Historical Holding
2016 Historical Actual,2016-07-31,July,Core Equity,10,ICICI Bank Ltd,INE090A01021,Bank,754970.0,1984.8161,2.9885,Historical Holding
2016 Historical Actual,2016-07-31,July,Core Equity,11,Mphasis Ltd(prev)Mphasis BFL Ltd,INE356A01018,Software,363500.0,1966.1715,2.9604,Historical Holding
2016 Historical Actual,2016-07-31,July,Core Equity,12,IL&FS Investment Managers Ltd,INE050B01023,Finance,11370900.0,1893.2549,2.8506,Historical Holding
2016 Historical Actual,2016-07-31,July,Core Equity,13,Gujarat Gas Ltd,INE844O01022,Gas,298660.0,1767.4699,2.6612,Historical Holding
2016 Historical Actual,2016-07-31,July,Core Equity,14,Balkrishna Industries Ltd,INE787D01026,Auto Ancillaries,229215.0,1671.4358,2.5166,Historical Holding
2016 Historical Actual,2016-07-31,July,Core Equity,15,IPCA Laboratories Ltd,INE571A01020,Pharmaceuticals,236663.0,1220.5894,1.8378,Historical Holding
2016 Historical Actual,2016-07-31,July,Core Equity,16,Pfizer (I) Ltd,INE182A01018,Pharmaceuticals,33600.0,671.664,1.0113,Historical Holding
2016 Historical Actual,2016-07-31,July,Core Equity,17,Selan Exploration Technology Ltd,INE818A01017,Oil,168012.0,339.3002,0.5109,Historical Holding
2016 Historical Actual,2016-07-31,July,Core Equity,18,MT Educare Ltd,INE472M01018,Diversified Consumer Services,178078.0,276.6442,0.4165,Historical Holding
2016 Historical Actual,2016-07-31,July,Special Situation / Arbitrage,19,Tata Motors Ltd,INE155A01022,Auto,273000.0,1373.736,2.0684,Historical Holding
2016 Historical Actual,2016-07-31,July,Special Situation / Arbitrage,20,Coal India Ltd,INE522F01014,Minerals & Mining,290700.0,953.496,1.4356,Historical Holding
2016 Historical Actual,2016-07-31,July,Foreign Equity / ADRs,23,Alphabet INC,US02079K1079,Software,15093.0,7541.1169,11.3544,Historical Holding
2016 Historical Actual,2016-07-31,July,Foreign Equity / ADRs,24,United Parcel Services INC,US9113121068,Logistics,39675.0,2889.6151,4.3508,Historical Holding
2016 Historical Actual,2016-07-31,July,Foreign Equity / ADRs,25,International Business Machines Corp,US4592001014,Software,20920.0,2261.2998,3.4048,Historical Holding
2016 Historical Actual,2016-07-31,July,Foreign Equity / ADRs,26,3M CO,US88579Y1010,Industrial Conglomerates,17755.0,2116.7304,3.1871,Historical Holding
2016 Historical Actual,2016-07-31,July,Foreign Equity / ADRs,27,Nestle SA-ADR *,US6410694060,Consumer-Food Proc,37010.0,1949.8064,2.9358,Historical Holding
2016 Historical Actual,2016-07-31,July,Foreign Equity / ADRs,28,APPLE Inc,US0378331005,Software,12550.0,877.1386,1.3207,Historical Holding
2016 Historical Actual,2016-07-31,July,Foreign Equity / ADRs,29,Anheuser Busch Inbev SA-ADR,US03524A1088,Consumer Misc,8316.0,701.4276,1.0561,Historical Holding
2016 Historical Actual,2016-07-31,July,Foreign Equity / ADRs,30,Standard Chartered PLC,GB0004082847,Bank,56717.0,303.1033,0.4564,Historical Holding
2016 Historical Actual,2016-08-31,August,Core Equity,1,Maharashtra Scooters Ltd,INE288A01013,Auto Ancillaries,385489.0,6020.3745,8.7575,Historical Holding
2016 Historical Actual,2016-08-31,August,Core Equity,2,HDFC Bank Ltd,INE040A01026,Bank,369070.0,4765.4318,6.932,Historical Holding
2016 Historical Actual,2016-08-31,August,Core Equity,3,ICRA Ltd,INE725G01011,Finance,87430.0,3384.153,4.9228,Historical Holding
2016 Historical Actual,2016-08-31,August,Core Equity,4,Zydus Wellness Ltd,INE768C01010,Consumer Non Durables,371729.0,3267.4979,4.7531,Historical Holding
2016 Historical Actual,2016-08-31,August,Core Equity,5,Axis Bank Ltd,INE238A01034,Bank,505179.0,3015.1609,4.386,Historical Holding
2016 Historical Actual,2016-08-31,August,Core Equity,6,Persistent Systems Ltd,INE262H01013,Software,480073.0,2988.2144,4.3468,Historical Holding
2016 Historical Actual,2016-08-31,August,Core Equity,7,Indraprastha Gas Ltd,INE203G01019,Gas,353400.0,2831.2641,4.1185,Historical Holding
2016 Historical Actual,2016-08-31,August,Core Equity,8,Mahindra Holidays & Resorts India Ltd,INE998I01010,"Hotels,Resorts&Other Recreational Activities",574281.0,2803.0656,4.0775,Historical Holding
2016 Historical Actual,2016-08-31,August,Core Equity,9,Mphasis Ltd(prev)Mphasis BFL Ltd,INE356A01018,Software,363500.0,2062.499,3.0002,Historical Holding
2016 Historical Actual,2016-08-31,August,Core Equity,10,Balkrishna Industries Ltd,INE787D01026,Auto Ancillaries,229215.0,2011.7054,2.9263,Historical Holding
2016 Historical Actual,2016-08-31,August,Core Equity,11,Noida Toll Bridge Company Ltd,INE781B01015,Transportation,8748218.0,1985.8455,2.8887,Historical Holding
2016 Historical Actual,2016-08-31,August,Core Equity,12,ICICI Bank Ltd,INE090A01021,Bank,754970.0,1947.8226,2.8334,Historical Holding
2016 Historical Actual,2016-08-31,August,Core Equity,13,Gujarat Gas Ltd,INE844O01022,Gas,298660.0,1905.0028,2.7711,Historical Holding
2016 Historical Actual,2016-08-31,August,Core Equity,14,IL&FS Investment Managers Ltd,INE050B01023,Finance,10925415.0,1627.8868,2.368,Historical Holding
2016 Historical Actual,2016-08-31,August,Core Equity,15,IPCA Laboratories Ltd,INE571A01020,Pharmaceuticals,236663.0,1280.8202,1.8631,Historical Holding
2016 Historical Actual,2016-08-31,August,Core Equity,16,Pfizer (I) Ltd,INE182A01018,Pharmaceuticals,33600.0,669.3624,0.9737,Historical Holding
2016 Historical Actual,2016-08-31,August,Core Equity,17,Selan Exploration Technology Ltd,INE818A01017,Oil,168012.0,328.0434,0.4772,Historical Holding
2016 Historical Actual,2016-08-31,August,Core Equity,18,MT Educare Ltd,INE472M01018,Diversified Consumer Services,178078.0,243.8778,0.3548,Historical Holding
2016 Historical Actual,2016-08-31,August,Special Situation / Arbitrage,19,Tata Motors Ltd,INE155A01022,Auto,273000.0,1467.921,2.1353,Historical Holding
2016 Historical Actual,2016-08-31,August,Special Situation / Arbitrage,20,Coal India Ltd,INE522F01014,Minerals/Mining,290700.0,969.4845,1.4103,Historical Holding
2016 Historical Actual,2016-08-31,August,Foreign Equity / ADRs,23,Alphabet INC,US02079K1079,Software,15093.0,7773.9566,11.3084,Historical Holding
2016 Historical Actual,2016-08-31,August,Foreign Equity / ADRs,24,United Parcel Services INC,US9113121068,Logistics,39675.0,2906.3254,4.2277,Historical Holding
2016 Historical Actual,2016-08-31,August,Foreign Equity / ADRs,25,International Business Machines Corp,US4592001014,Software,20920.0,2233.2605,3.2486,Historical Holding
2016 Historical Actual,2016-08-31,August,Foreign Equity / ADRs,26,3M CO,US88579Y1010,Industrial Conglomerates,17755.0,2142.1226,3.116,Historical Holding
2016 Historical Actual,2016-08-31,August,Foreign Equity / ADRs,27,Nestle SA-ADR *,US6410694060,Consumer-Food Proc,37010.0,1970.0004,2.8657,Historical Holding
2016 Historical Actual,2016-08-31,August,Foreign Equity / ADRs,28,APPLE Inc,US0378331005,Software,12550.0,890.9205,1.296,Historical Holding
2016 Historical Actual,2016-08-31,August,Foreign Equity / ADRs,29,Anheuser Busch Inbev SA-ADR,US03524A1088,Consumer Misc,8316.0,698.2284,1.0157,Historical Holding
2016 Historical Actual,2016-08-31,August,Foreign Equity / ADRs,30,Standard Chartered PLC,GB0004082847,Bank,56717.0,315.6919,0.4592,Historical Holding
2016 Historical Actual,2016-09-30,September,Core Equity,1,Maharashtra Scooters Ltd,INE288A01013,Auto Ancillaries,385489.0,5607.323,8.2949,Historical Holding
2016 Historical Actual,2016-09-30,September,Core Equity,2,HDFC Bank Ltd,INE040A01026,Banks,369070.0,4697.7075,6.9493,Historical Holding
2016 Historical Actual,2016-09-30,September,Core Equity,3,ICRA Ltd,INE725G01011,Finance,87430.0,3429.7915,5.0737,Historical Holding
2016 Historical Actual,2016-09-30,September,Core Equity,4,Zydus Wellness Ltd,INE768C01010,Consumer Non Durables,371729.0,3303.5556,4.8869,Historical Holding
2016 Historical Actual,2016-09-30,September,Core Equity,5,Persistent Systems Ltd,INE262H01013,Software,480073.0,3072.9473,4.5458,Historical Holding
2016 Historical Actual,2016-09-30,September,Core Equity,6,Indraprastha Gas Ltd,INE203G01019,Gas,353400.0,2749.8054,4.0678,Historical Holding
2016 Historical Actual,2016-09-30,September,Core Equity,7,Axis Bank Ltd,INE238A01034,Banks,505179.0,2734.7865,4.0456,Historical Holding
2016 Historical Actual,2016-09-30,September,Core Equity,8,Mahindra Holidays & Resorts India Ltd,INE998I01010,"Hotels,Resorts & Other Recreational Activities",574281.0,2565.3132,3.7949,Historical Holding
2016 Historical Actual,2016-09-30,September,Core Equity,9,Balkrishna Industries Ltd,INE787D01026,Auto Ancillaries,229215.0,2324.0109,3.4379,Historical Holding
2016 Historical Actual,2016-09-30,September,Core Equity,10,Noida Toll Bridge Company Ltd,INE781B01015,Transportation,8748218.0,1907.1115,2.8212,Historical Holding
2016 Historical Actual,2016-09-30,September,Core Equity,11,ICICI Bank Ltd,INE090A01021,Banks,754970.0,1903.6569,2.8161,Historical Holding
2016 Historical Actual,2016-09-30,September,Core Equity,12,Mphasis Ltd(prev)Mphasis BFL Ltd,INE356A01018,Software,363500.0,1888.9278,2.7943,Historical Holding
2016 Historical Actual,2016-09-30,September,Core Equity,13,Gujarat Gas Ltd,INE844O01022,Gas,298660.0,1715.3537,2.5375,Historical Holding
2016 Historical Actual,2016-09-30,September,Core Equity,14,IL&FS Investment Managers Ltd,INE050B01023,Finance,10273639.0,1515.3618,2.2417,Historical Holding
2016 Historical Actual,2016-09-30,September,Core Equity,15,IPCA Laboratories Ltd,INE571A01020,Pharmaceuticals,236663.0,1418.7947,2.0988,Historical Holding
2016 Historical Actual,2016-09-30,September,Core Equity,16,Pfizer (I) Ltd,INE182A01018,Pharmaceuticals,33600.0,644.4144,0.9533,Historical Holding
2016 Historical Actual,2016-09-30,September,Core Equity,17,Selan Exploration Technology Ltd,INE818A01017,Oil,168012.0,295.8691,0.4377,Historical Holding
2016 Historical Actual,2016-09-30,September,Core Equity,18,MT Educare Ltd,INE472M01018,Diversified Consumer Services,178078.0,231.5904,0.3426,Historical Holding
2016 Historical Actual,2016-09-30,September,Special Situation / Arbitrage,19,Tata Motors Ltd,INE155A01022,Auto,273000.0,1460.1405,2.16,Historical Holding
2016 Historical Actual,2016-09-30,September,Special Situation / Arbitrage,20,Coal India Ltd,INE522F01014,Minerals/Mining,290700.0,936.9261,1.386,Historical Holding
2016 Historical Actual,2016-09-30,September,Foreign Equity / ADRs,23,Alphabet INC,US02079K1079,Software,15093.0,7790.6215,11.5247,Historical Holding
2016 Historical Actual,2016-09-30,September,Foreign Equity / ADRs,24,United Parcel Services INC,US9113121068,Logistics,39675.0,2859.3911,4.2299,Historical Holding
2016 Historical Actual,2016-09-30,September,Foreign Equity / ADRs,25,International Business Machines Corp,US4592001014,Software,20920.0,2202.9784,3.2589,Historical Holding
2016 Historical Actual,2016-09-30,September,Foreign Equity / ADRs,26,3M CO,US88579Y1010,Industrial Conglomerates,17755.0,2073.7921,3.0678,Historical Holding
2016 Historical Actual,2016-09-30,September,Foreign Equity / ADRs,27,Nestle SA-ADR *,US6410694060,Consumer-Food Proc,37010.0,1962.1011,2.9025,Historical Holding
2016 Historical Actual,2016-09-30,September,Foreign Equity / ADRs,28,APPLE Inc,US0378331005,Software,12550.0,937.6665,1.3871,Historical Holding
2016 Historical Actual,2016-09-30,September,Foreign Equity / ADRs,29,Anheuser Busch Inbev SA-ADR,US03524A1088,Consumer Misc,8316.0,726.449,1.0746,Historical Holding
2016 Historical Actual,2016-09-30,September,Foreign Equity / ADRs,30,Standard Chartered PLC,GB0004082847,Bank,56717.0,309.1015,0.4573,Historical Holding
2016 Historical Actual,2016-10-31,October,Core Equity,1,HDFC Bank Ltd,INE040A01026,Bank,369070.0,4646.7758,6.7227,Historical Holding
2016 Historical Actual,2016-10-31,October,Core Equity,2,Bajaj Holdings & Investment Ltd,INE118A01012,Finance,210636.0,4586.3883,6.6353,Historical Holding
2016 Historical Actual,2016-10-31,October,Core Equity,3,ICRA Ltd,INE725G01011,Finance,87430.0,3719.1411,5.3807,Historical Holding
2016 Historical Actual,2016-10-31,October,Core Equity,4,Zydus Wellness Ltd,INE768C01010,Consumer Non Durables,371729.0,3251.6994,4.7044,Historical Holding
2016 Historical Actual,2016-10-31,October,Core Equity,5,Persistent Systems Ltd,INE262H01013,Software,480073.0,3095.5107,4.4784,Historical Holding
2016 Historical Actual,2016-10-31,October,Core Equity,6,Indraprastha Gas Ltd,INE203G01019,Gas,353400.0,3039.24,4.397,Historical Holding
2016 Historical Actual,2016-10-31,October,Core Equity,7,Maharashtra Scooters Ltd,INE288A01013,Auto Ancillaries,143285.0,2770.6304,4.0084,Historical Holding
2016 Historical Actual,2016-10-31,October,Core Equity,8,Mahindra Holidays & Resorts India Ltd,INE998I01010,"Hotels,Resorts&OtherRecreatnl Actvi",574281.0,2561.2933,3.7055,Historical Holding
2016 Historical Actual,2016-10-31,October,Core Equity,9,Axis Bank Ltd,INE238A01034,Bank,505179.0,2459.7166,3.5586,Historical Holding
2016 Historical Actual,2016-10-31,October,Core Equity,10,Balkrishna Industries Ltd,INE787D01026,Auto Ancillaries,229215.0,2433.8049,3.5211,Historical Holding
2016 Historical Actual,2016-10-31,October,Core Equity,11,ICICI Bank Ltd,INE090A01021,Bank,754970.0,2090.1344,3.0239,Historical Holding
2016 Historical Actual,2016-10-31,October,Core Equity,12,Mphasis Ltd(prev)Mphasis BFL Ltd,INE356A01018,Software,363500.0,1863.301,2.6957,Historical Holding
2016 Historical Actual,2016-10-31,October,Core Equity,13,Gujarat Gas Ltd,INE844O01022,Gas,298660.0,1711.3218,2.4758,Historical Holding
2016 Historical Actual,2016-10-31,October,Core Equity,14,IPCA Laboratories Ltd,INE571A01020,Pharmaceuticals,236663.0,1442.816,2.0874,Historical Holding
2016 Historical Actual,2016-10-31,October,Core Equity,15,IL&FS Investment Managers Ltd,INE050B01023,Finance,9121384.0,1395.5718,2.019,Historical Holding
2016 Historical Actual,2016-10-31,October,Core Equity,16,Pfizer (I) Ltd,INE182A01018,Pharmaceuticals,33600.0,613.5192,0.8876,Historical Holding
2016 Historical Actual,2016-10-31,October,Core Equity,17,Selan Exploration Technology Ltd,INE818A01017,Oil,168012.0,345.6847,0.5001,Historical Holding
2016 Historical Actual,2016-10-31,October,Core Equity,18,MT Educare Ltd,INE472M01018,Diversified Consumer Services,178078.0,245.3915,0.355,Historical Holding
2016 Historical Actual,2016-10-31,October,Special Situation / Arbitrage,19,Tata Motors Ltd,INE155A01022,Auto,273000.0,1466.01,2.1209,Historical Holding
2016 Historical Actual,2016-10-31,October,Special Situation / Arbitrage,20,Coal India Ltd,INE522F01014,Minerals/Mining,290700.0,944.1936,1.366,Historical Holding
2016 Historical Actual,2016-10-31,October,Special Situation / Arbitrage,21,Cairns India Ltd,INE910H01017,Oil,266000.0,601.16,0.8697,Historical Holding
2016 Historical Actual,2016-10-31,October,Foreign Equity / ADRs,25,Alphabet INC,US02079K1079,Software,15093.0,8014.7119,11.5953,Historical Holding
2016 Historical Actual,2016-10-31,October,Foreign Equity / ADRs,26,United Parcel Services INC,US9113121068,Logistics,39675.0,2862.9669,4.142,Historical Holding
2016 Historical Actual,2016-10-31,October,Foreign Equity / ADRs,27,International Business Machines Corp,US4592001014,Software,20920.0,2141.9016,3.0988,Historical Holding
2016 Historical Actual,2016-10-31,October,Foreign Equity / ADRs,28,3M CO,US88579Y1010,Industrial Conglomerates,17755.0,1964.9634,2.8428,Historical Holding
2016 Historical Actual,2016-10-31,October,Foreign Equity / ADRs,29,Nestle SA-ADR *,US6410694060,Consumer-Food Proc,37010.0,1820.1403,2.6333,Historical Holding
2016 Historical Actual,2016-10-31,October,Foreign Equity / ADRs,30,APPLE Inc,US0378331005,Software,12550.0,959.2403,1.3878,Historical Holding
2016 Historical Actual,2016-10-31,October,Foreign Equity / ADRs,31,Anheuser Busch Inbev SA-ADR,US03524A1088,Consumer Misc,8316.0,674.3755,0.9757,Historical Holding
2016 Historical Actual,2016-10-31,October,Foreign Equity / ADRs,32,Standard Chartered PLC,GB0004082847,Bank,56717.0,321.4877,0.4651,Historical Holding
2016 Historical Actual,2016-11-30,November,Core Equity,1,Bajaj Holdings & Investment Ltd,INE118A01012,Finance,228504.0,4879.5887,7.2276,Historical Holding
2016 Historical Actual,2016-11-30,November,Core Equity,2,HDFC Bank Ltd,INE040A01026,Bank,369070.0,4427.3637,6.5577,Historical Holding
2016 Historical Actual,2016-11-30,November,Core Equity,3,ICRA Ltd,INE725G01011,Finance,85671.0,3394.4135,5.0277,Historical Holding
2016 Historical Actual,2016-11-30,November,Core Equity,4,Persistent Systems Ltd,INE262H01013,Software,542373.0,3304.9499,4.8952,Historical Holding
2016 Historical Actual,2016-11-30,November,Core Equity,5,Zydus Wellness Ltd,INE768C01010,Consumer Non Durables,371729.0,3215.0841,4.7621,Historical Holding
2016 Historical Actual,2016-11-30,November,Core Equity,6,Indraprastha Gas Ltd,INE203G01019,Gas,353400.0,2929.8627,4.3397,Historical Holding
2016 Historical Actual,2016-11-30,November,Core Equity,7,Axis Bank Ltd,INE238A01034,Bank,505179.0,2373.5835,3.5157,Historical Holding
2016 Historical Actual,2016-11-30,November,Core Equity,8,Mahindra Holidays & Resorts India Ltd,INE998I01010,"Hotels,Resorts & Other Recreatnl Actvities",574281.0,2295.9754,3.4008,Historical Holding
2016 Historical Actual,2016-11-30,November,Core Equity,9,Balkrishna Industries Ltd,INE787D01026,Auto Ancillaries,229215.0,2275.5319,3.3705,Historical Holding
2016 Historical Actual,2016-11-30,November,Core Equity,10,Maharashtra Scooters Ltd,INE288A01013,Auto Ancillaries,121696.0,2016.0159,2.9861,Historical Holding
2016 Historical Actual,2016-11-30,November,Core Equity,11,ICICI Bank Ltd,INE090A01021,Bank,754970.0,2004.8228,2.9695,Historical Holding
2016 Historical Actual,2016-11-30,November,Core Equity,12,Mphasis Ltd (prev) Mphasis BFL Ltd,INE356A01018,Software,363500.0,1914.7362,2.8361,Historical Holding
2016 Historical Actual,2016-11-30,November,Core Equity,13,Gujarat Gas Ltd,INE844O01022,Gas,298660.0,1631.7289,2.4169,Historical Holding
2016 Historical Actual,2016-11-30,November,Core Equity,14,IPCA Laboratories Ltd,INE571A01020,Pharmaceuticals,236663.0,1375.012,2.0366,Historical Holding
2016 Historical Actual,2016-11-30,November,Core Equity,15,IL&FS Investment Managers Ltd,INE050B01023,Finance,8656714.0,1281.1937,1.8977,Historical Holding
2016 Historical Actual,2016-11-30,November,Core Equity,16,Dr.Reddy's Laboratories Ltd,INE089A01023,Pharmaceuticals,40000.0,1278.76,1.8941,Historical Holding
2016 Historical Actual,2016-11-30,November,Core Equity,17,Pfizer (I) Ltd,INE182A01018,Pharmaceuticals,33600.0,615.9384,0.9123,Historical Holding
2016 Historical Actual,2016-11-30,November,Core Equity,18,Selan Exploration Technology Ltd,INE818A01017,Oil,113512.0,211.4161,0.3131,Historical Holding
2016 Historical Actual,2016-11-30,November,Core Equity,19,MT Educare Ltd,INE472M01018,Diversified Consumer Services,178078.0,207.817,0.3078,Historical Holding
2016 Historical Actual,2016-11-30,November,Special Situation / Arbitrage,20,Tata Motors Ltd,INE155A01022,Auto,220500.0,1012.7565,1.5001,Historical Holding
2016 Historical Actual,2016-11-30,November,Special Situation / Arbitrage,21,Coal India Ltd,INE522F01014,Minerals/Mining,290700.0,897.1002,1.3288,Historical Holding
2016 Historical Actual,2016-11-30,November,Special Situation / Arbitrage,22,Cairn India Ltd,INE910H01017,Oil,231000.0,581.196,0.8609,Historical Holding
2016 Historical Actual,2016-11-30,November,Foreign Equity / ADRs,26,Alphabet INC,US02079K1079,Software,15093.0,7956.6082,11.7852,Historical Holding
2016 Historical Actual,2016-11-30,November,Foreign Equity / ADRs,27,United Parcel Services INC,US9113121068,Logistics,39675.0,3155.0781,4.6732,Historical Holding
2016 Historical Actual,2016-11-30,November,Foreign Equity / ADRs,28,International Business Machines Corp,US4592001014,Software,20920.0,2339.6305,3.4654,Historical Holding
2016 Historical Actual,2016-11-30,November,Foreign Equity / ADRs,29,3M CO,US88579Y1010,Industrial Conglomerates,17755.0,2097.8632,3.1073,Historical Holding
2016 Historical Actual,2016-11-30,November,Foreign Equity / ADRs,30,Nestle SA-ADR *,US6410694060,Consumer-Food Proc,40690.0,1881.5636,2.7869,Historical Holding
2016 Historical Actual,2016-11-30,November,Foreign Equity / ADRs,31,APPLE Inc,US0378331005,Software,12550.0,956.6453,1.417,Historical Holding
2016 Historical Actual,2016-11-30,November,Foreign Equity / ADRs,32,Anheuser Busch Inbev SA-ADR,US03524A1088,Consumer Misc,8316.0,596.0811,0.8829,Historical Holding
2016 Historical Actual,2016-11-30,November,Foreign Equity / ADRs,33,Standard Chartered PLC,GB0004082847,Bank,56717.0,304.5461,0.4511,Historical Holding
2016 Historical Actual,2016-12-31,December,Core Equity,1,HDFC Bank Ltd,INE040A01026,Bank,369070.0,4451.7223,6.7367,Historical Holding
2016 Historical Actual,2016-12-31,December,Core Equity,2,Bajaj Holdings & Investment Ltd,INE118A01012,Finance,240482.0,4375.2093,6.6209,Historical Holding
2016 Historical Actual,2016-12-31,December,Core Equity,3,ICRA Ltd,INE725G01011,Finance,85671.0,3413.9465,5.1663,Historical Holding
2016 Historical Actual,2016-12-31,December,Core Equity,4,Persistent Systems Ltd,INE262H01013,Software,542373.0,3343.7295,5.06,Historical Holding
2016 Historical Actual,2016-12-31,December,Core Equity,5,Indraprastha Gas Ltd,INE203G01019,Gas,353400.0,3245.0955,4.9108,Historical Holding
2016 Historical Actual,2016-12-31,December,Core Equity,6,Zydus Wellness Ltd,INE768C01010,Consumer Non Durables,371729.0,3219.7307,4.8724,Historical Holding
2016 Historical Actual,2016-12-31,December,Core Equity,7,Balkrishna Industries Ltd,INE787D01026,Auto Ancillaries,229215.0,2527.0954,3.8242,Historical Holding
2016 Historical Actual,2016-12-31,December,Core Equity,8,Mahindra Holidays & Resorts India Ltd,INE998I01010,"Hotels,Resorts & Other Recreatnl Actvities",574281.0,2285.9255,3.4593,Historical Holding
2016 Historical Actual,2016-12-31,December,Core Equity,9,Axis Bank Ltd,INE238A01034,Bank,505179.0,2273.0529,3.4398,Historical Holding
2016 Historical Actual,2016-12-31,December,Core Equity,10,Mphasis Ltd(prev)Mphasis BFL Ltd,INE356A01018,Software,363500.0,2054.6838,3.1093,Historical Holding
2016 Historical Actual,2016-12-31,December,Core Equity,11,ICICI Bank Ltd,INE090A01021,Bank,754970.0,1927.4384,2.9168,Historical Holding
2016 Historical Actual,2016-12-31,December,Core Equity,12,Maharashtra Scooters Ltd,INE288A01013,Auto Ancillaries,107222.0,1728.5795,2.6158,Historical Holding
2016 Historical Actual,2016-12-31,December,Core Equity,13,Gujarat Gas Ltd,INE844O01022,Gas,298660.0,1562.1411,2.364,Historical Holding
2016 Historical Actual,2016-12-31,December,Core Equity,14,IPCA Laboratories Ltd,INE571A01020,Pharmaceuticals,236663.0,1261.5321,1.9091,Historical Holding
2016 Historical Actual,2016-12-31,December,Core Equity,15,Dr.Reddys Laboratories Ltd,INE089A01023,Pharmaceuticals,40000.0,1224.16,1.8525,Historical Holding
2016 Historical Actual,2016-12-31,December,Core Equity,16,IL&FS Investment Managers Ltd,INE050B01023,Finance,8038985.0,1153.5943,1.7457,Historical Holding
2016 Historical Actual,2016-12-31,December,Core Equity,17,Pfizer (I) Ltd,INE182A01018,Pharmaceuticals,33600.0,612.8304,0.9274,Historical Holding
2016 Historical Actual,2016-12-31,December,Core Equity,18,MT Educare Ltd,INE472M01018,Diversified Consumer Services,178078.0,208.8855,0.3161,Historical Holding
2016 Historical Actual,2016-12-31,December,Special Situation / Arbitrage,19,Tata Motors Ltd,INE155A01022,Auto,184500.0,870.84,1.3178,Historical Holding
2016 Historical Actual,2016-12-31,December,Special Situation / Arbitrage,20,Sun Pharmaceuticals Industries Ltd,INE044A01036,Pharmaceuticals,128800.0,811.44,1.2279,Historical Holding
2016 Historical Actual,2016-12-31,December,Special Situation / Arbitrage,21,Cairn India Ltd,INE910H01017,Oil,231000.0,559.3665,0.8465,Historical Holding
2016 Historical Actual,2016-12-31,December,Special Situation / Arbitrage,22,ITC Ltd,INE154A01025,Consumer Non Durables,124800.0,301.5792,0.4564,Historical Holding
2016 Historical Actual,2016-12-31,December,Foreign Equity / ADRs,27,Alphabet INC,US02079K1079,Software,15093.0,8025.904,12.1455,Historical Holding
2016 Historical Actual,2016-12-31,December,Foreign Equity / ADRs,28,United Parcel Services INC,US9113121068,Logistics,39675.0,3098.9343,4.6896,Historical Holding
2016 Historical Actual,2016-12-31,December,Foreign Equity / ADRs,29,International Business Machines Corp,US4592001014,Software,20920.0,2367.608,3.5829,Historical Holding
2016 Historical Actual,2016-12-31,December,Foreign Equity / ADRs,30,3M CO,US88579Y1010,Industrial Conglomerates,17755.0,2151.8549,3.2564,Historical Holding
2016 Historical Actual,2016-12-31,December,Foreign Equity / ADRs,31,Nestle SA-ADR *,US6410694060,Consumer-Food Proc,40690.0,1973.4613,2.9864,Historical Holding
2016 Historical Actual,2016-12-31,December,Foreign Equity / ADRs,32,APPLE Inc,US0378331005,Software,12550.0,995.1747,1.506,Historical Holding
2016 Historical Actual,2016-12-31,December,Foreign Equity / ADRs,33,Anheuser Busch Inbev SA-ADR,US03524A1088,Consumer Misc,8316.0,592.5455,0.8967,Historical Holding
2016 Historical Actual,2016-12-31,December,Foreign Equity / ADRs,34,Standard Chartered PLC,GB0004082847,Bank,56717.0,308.6152,0.467,Historical Holding
2017 AI Prediction,2017-01-31,January,Core Equity,1,HDFC Bank Ltd,INE040A01026,Bank,369070.0,4429.3818,6.7029,Accumulate / Overweight
2017 AI Prediction,2017-01-31,January,Core Equity,2,Bajaj Holdings & Investment Ltd,INE118A01012,Finance,240482.0,4454.0881,6.7403,Moderate Weight / Monitor
2017 AI Prediction,2017-01-31,January,Core Equity,3,ICRA Ltd,INE725G01011,Finance,85671.0,3445.6271,5.2142,Accumulate / Overweight
2017 AI Prediction,2017-01-31,January,Core Equity,4,Persistent Systems Ltd,INE262H01013,Software,542373.0,3356.925,5.08,Accumulate / Overweight
2017 AI Prediction,2017-01-31,January,Core Equity,5,Indraprastha Gas Ltd,INE203G01019,Gas,353400.0,3200.4454,4.8432,Accumulate / Overweight
2017 AI Prediction,2017-01-31,January,Core Equity,6,Zydus Wellness Ltd,INE768C01010,Consumer Non Durables,371729.0,3175.4265,4.8054,Accumulate / Overweight
2017 AI Prediction,2017-01-31,January,Core Equity,7,Balkrishna Industries Ltd,INE787D01026,Auto Ancillaries,229215.0,2482.4248,3.7566,Core Holding (Maintain)
2017 AI Prediction,2017-01-31,January,Core Equity,8,Mahindra Holidays & Resorts India Ltd,INE998I01010,"Hotels,Resorts & Other Recreatnl Actvities",574281.0,2319.4076,3.51,Moderate Weight / Monitor
2017 AI Prediction,2017-01-31,January,Core Equity,9,Axis Bank Ltd,INE238A01034,Bank,505179.0,2282.2465,3.4537,Core Holding (Maintain)
2017 AI Prediction,2017-01-31,January,Core Equity,10,Mphasis Ltd(prev)Mphasis BFL Ltd,INE356A01018,Software,363500.0,2071.7847,3.1352,Moderate Weight / Monitor
2017 AI Prediction,2017-01-31,January,Core Equity,11,ICICI Bank Ltd,INE090A01021,Bank,754970.0,1890.4766,2.8609,Core Holding (Maintain)
2017 AI Prediction,2017-01-31,January,Core Equity,12,Maharashtra Scooters Ltd,INE288A01013,Auto Ancillaries,107222.0,1761.0706,2.665,Core Holding (Maintain)
2017 AI Prediction,2017-01-31,January,Core Equity,13,Gujarat Gas Ltd,INE844O01022,Gas,298660.0,1582.914,2.3954,Core Holding (Maintain)
2017 AI Prediction,2017-01-31,January,Core Equity,14,IPCA Laboratories Ltd,INE571A01020,Pharmaceuticals,236663.0,1247.0164,1.8871,Core Holding (Maintain)
2017 AI Prediction,2017-01-31,January,Core Equity,15,Dr.Reddys Laboratories Ltd,INE089A01023,Pharmaceuticals,40000.0,1208.5801,1.8289,Moderate Weight / Monitor
2017 AI Prediction,2017-01-31,January,Core Equity,16,IL&FS Investment Managers Ltd,INE050B01023,Finance,8038985.0,1138.9854,1.7236,Core Holding (Maintain)
2017 AI Prediction,2017-01-31,January,Core Equity,17,Pfizer (I) Ltd,INE182A01018,Pharmaceuticals,33600.0,608.0317,0.9201,Core Holding (Maintain)
2017 AI Prediction,2017-01-31,January,Core Equity,18,MT Educare Ltd,INE472M01018,Diversified Consumer Services,178078.0,209.0924,0.3164,Core Holding (Maintain)
2017 AI Prediction,2017-01-31,January,Special Situation / Arbitrage,19,Tata Motors Ltd,INE155A01022,Auto,184500.0,868.4694,1.3142,Core Holding (Maintain)
2017 AI Prediction,2017-01-31,January,Special Situation / Arbitrage,20,Sun Pharmaceuticals Industries Ltd,INE044A01036,Pharmaceuticals,128800.0,804.6638,1.2176,Tactical Arbitrage (Rebalance)
2017 AI Prediction,2017-01-31,January,Special Situation / Arbitrage,21,Cairn India Ltd,INE910H01017,Oil,231000.0,561.8692,0.8503,Tactical Arbitrage (Rebalance)
2017 AI Prediction,2017-01-31,January,Special Situation / Arbitrage,22,ITC Ltd,INE154A01025,Consumer Non Durables,124800.0,297.2304,0.4498,Tactical Arbitrage (Rebalance)
2017 AI Prediction,2017-01-31,January,Foreign Equity / ADRs,27,Alphabet INC,US02079K1079,Software,15093.0,7959.1749,12.0445,Core Anchor (Hold 100%)
2017 AI Prediction,2017-01-31,January,Foreign Equity / ADRs,28,United Parcel Services INC,US9113121068,Logistics,39675.0,3082.3689,4.6645,Accumulate / Overweight
2017 AI Prediction,2017-01-31,January,Foreign Equity / ADRs,29,International Business Machines Corp,US4592001014,Software,20920.0,2363.4476,3.5766,Core Holding (Maintain)
2017 AI Prediction,2017-01-31,January,Foreign Equity / ADRs,30,3M CO,US88579Y1010,Industrial Conglomerates,17755.0,2176.4012,3.2935,Core Holding (Maintain)
2017 AI Prediction,2017-01-31,January,Foreign Equity / ADRs,31,Nestle SA-ADR *,US6410694060,Consumer-Food Proc,40690.0,1949.754,2.9505,Moderate Weight / Monitor
2017 AI Prediction,2017-01-31,January,Foreign Equity / ADRs,32,APPLE Inc,US0378331005,Software,12550.0,995.7413,1.5069,Moderate Weight / Monitor
2017 AI Prediction,2017-01-31,January,Foreign Equity / ADRs,33,Anheuser Busch Inbev SA-ADR,US03524A1088,Consumer Misc,8316.0,594.7359,0.9,Core Holding (Maintain)
2017 AI Prediction,2017-01-31,January,Foreign Equity / ADRs,34,Standard Chartered PLC,GB0004082847,Bank,56717.0,303.0163,0.4585,Core Holding (Maintain)
2017 AI Prediction,2017-02-28,February,Core Equity,1,HDFC Bank Ltd,INE040A01026,Bank,369070.0,4506.6397,6.7657,Accumulate / Overweight
2017 AI Prediction,2017-02-28,February,Core Equity,2,Bajaj Holdings & Investment Ltd,INE118A01012,Finance,240482.0,4352.0886,6.5336,Moderate Weight / Monitor
2017 AI Prediction,2017-02-28,February,Core Equity,3,ICRA Ltd,INE725G01011,Finance,85671.0,3381.3873,5.0764,Accumulate / Overweight
2017 AI Prediction,2017-02-28,February,Core Equity,4,Persistent Systems Ltd,INE262H01013,Software,542373.0,3430.9977,5.1509,Accumulate / Overweight
2017 AI Prediction,2017-02-28,February,Core Equity,5,Indraprastha Gas Ltd,INE203G01019,Gas,353400.0,3331.9806,5.0023,Accumulate / Overweight
2017 AI Prediction,2017-02-28,February,Core Equity,6,Zydus Wellness Ltd,INE768C01010,Consumer Non Durables,371729.0,3285.5245,4.9325,Accumulate / Overweight
2017 AI Prediction,2017-02-28,February,Core Equity,7,Balkrishna Industries Ltd,INE787D01026,Auto Ancillaries,229215.0,2527.4038,3.7943,Core Holding (Maintain)
2017 AI Prediction,2017-02-28,February,Core Equity,8,Mahindra Holidays & Resorts India Ltd,INE998I01010,"Hotels,Resorts & Other Recreatnl Actvities",574281.0,2267.1309,3.4036,Moderate Weight / Monitor
2017 AI Prediction,2017-02-28,February,Core Equity,9,Axis Bank Ltd,INE238A01034,Bank,505179.0,2308.1222,3.4651,Core Holding (Maintain)
2017 AI Prediction,2017-02-28,February,Core Equity,10,Mphasis Ltd(prev)Mphasis BFL Ltd,INE356A01018,Software,363500.0,2066.1632,3.1019,Moderate Weight / Monitor
2017 AI Prediction,2017-02-28,February,Core Equity,11,ICICI Bank Ltd,INE090A01021,Bank,754970.0,1913.4849,2.8727,Core Holding (Maintain)
2017 AI Prediction,2017-02-28,February,Core Equity,12,Maharashtra Scooters Ltd,INE288A01013,Auto Ancillaries,107222.0,1742.072,2.6153,Core Holding (Maintain)
2017 AI Prediction,2017-02-28,February,Core Equity,13,Gujarat Gas Ltd,INE844O01022,Gas,298660.0,1545.3114,2.32,Core Holding (Maintain)
2017 AI Prediction,2017-02-28,February,Core Equity,14,IPCA Laboratories Ltd,INE571A01020,Pharmaceuticals,236663.0,1292.4444,1.9404,Core Holding (Maintain)
2017 AI Prediction,2017-02-28,February,Core Equity,15,Dr.Reddys Laboratories Ltd,INE089A01023,Pharmaceuticals,40000.0,1222.0471,1.8346,Moderate Weight / Monitor
2017 AI Prediction,2017-02-28,February,Core Equity,16,IL&FS Investment Managers Ltd,INE050B01023,Finance,8038985.0,1170.3824,1.757,Core Holding (Maintain)
2017 AI Prediction,2017-02-28,February,Core Equity,17,Pfizer (I) Ltd,INE182A01018,Pharmaceuticals,33600.0,613.0806,0.9204,Core Holding (Maintain)
2017 AI Prediction,2017-02-28,February,Core Equity,18,MT Educare Ltd,INE472M01018,Diversified Consumer Services,178078.0,210.7256,0.3164,Core Holding (Maintain)
2017 AI Prediction,2017-02-28,February,Special Situation / Arbitrage,19,Tata Motors Ltd,INE155A01022,Auto,184500.0,879.4468,1.3203,Core Holding (Maintain)
2017 AI Prediction,2017-02-28,February,Special Situation / Arbitrage,20,Sun Pharmaceuticals Industries Ltd,INE044A01036,Pharmaceuticals,128800.0,807.6208,1.2124,Tactical Arbitrage (Rebalance)
2017 AI Prediction,2017-02-28,February,Special Situation / Arbitrage,21,Cairn India Ltd,INE910H01017,Oil,231000.0,574.4323,0.8624,Tactical Arbitrage (Rebalance)
2017 AI Prediction,2017-02-28,February,Special Situation / Arbitrage,22,ITC Ltd,INE154A01025,Consumer Non Durables,124800.0,307.3374,0.4614,Tactical Arbitrage (Rebalance)
2017 AI Prediction,2017-02-28,February,Foreign Equity / ADRs,27,Alphabet INC,US02079K1079,Software,15093.0,8232.335,12.359,Core Anchor (Hold 100%)
2017 AI Prediction,2017-02-28,February,Foreign Equity / ADRs,28,United Parcel Services INC,US9113121068,Logistics,39675.0,3173.0591,4.7637,Accumulate / Overweight
2017 AI Prediction,2017-02-28,February,Foreign Equity / ADRs,29,International Business Machines Corp,US4592001014,Software,20920.0,2395.8946,3.5969,Core Holding (Maintain)
2017 AI Prediction,2017-02-28,February,Foreign Equity / ADRs,30,3M CO,US88579Y1010,Industrial Conglomerates,17755.0,2205.6727,3.3114,Core Holding (Maintain)
2017 AI Prediction,2017-02-28,February,Foreign Equity / ADRs,31,Nestle SA-ADR *,US6410694060,Consumer-Food Proc,40690.0,1956.5054,2.9372,Moderate Weight / Monitor
2017 AI Prediction,2017-02-28,February,Foreign Equity / ADRs,32,APPLE Inc,US0378331005,Software,12550.0,990.9373,1.4877,Moderate Weight / Monitor
2017 AI Prediction,2017-02-28,February,Foreign Equity / ADRs,33,Anheuser Busch Inbev SA-ADR,US03524A1088,Consumer Misc,8316.0,586.4207,0.8804,Core Holding (Maintain)
2017 AI Prediction,2017-02-28,February,Foreign Equity / ADRs,34,Standard Chartered PLC,GB0004082847,Bank,56717.0,308.9106,0.4637,Core Holding (Maintain)
2017 AI Prediction,2017-03-31,March,Core Equity,1,HDFC Bank Ltd,INE040A01026,Bank,369070.0,4502.8096,6.7067,Accumulate / Overweight
2017 AI Prediction,2017-03-31,March,Core Equity,2,Bajaj Holdings & Investment Ltd,INE118A01012,Finance,240482.0,4404.5566,6.5603,Moderate Weight / Monitor
2017 AI Prediction,2017-03-31,March,Core Equity,3,ICRA Ltd,INE725G01011,Finance,85671.0,3514.1796,5.2342,Accumulate / Overweight
2017 AI Prediction,2017-03-31,March,Core Equity,4,Persistent Systems Ltd,INE262H01013,Software,542373.0,3377.7635,5.031,Accumulate / Overweight
2017 AI Prediction,2017-03-31,March,Core Equity,5,Indraprastha Gas Ltd,INE203G01019,Gas,353400.0,3268.1265,4.8678,Accumulate / Overweight
2017 AI Prediction,2017-03-31,March,Core Equity,6,Zydus Wellness Ltd,INE768C01010,Consumer Non Durables,371729.0,3276.8332,4.8807,Accumulate / Overweight
2017 AI Prediction,2017-03-31,March,Core Equity,7,Balkrishna Industries Ltd,INE787D01026,Auto Ancillaries,229215.0,2530.6514,3.7693,Core Holding (Maintain)
2017 AI Prediction,2017-03-31,March,Core Equity,8,Mahindra Holidays & Resorts India Ltd,INE998I01010,"Hotels,Resorts & Other Recreatnl Actvities",574281.0,2350.5744,3.5011,Moderate Weight / Monitor
2017 AI Prediction,2017-03-31,March,Core Equity,9,Axis Bank Ltd,INE238A01034,Bank,505179.0,2270.1201,3.3813,Core Holding (Maintain)
2017 AI Prediction,2017-03-31,March,Core Equity,10,Mphasis Ltd(prev)Mphasis BFL Ltd,INE356A01018,Software,363500.0,2128.2149,3.1699,Moderate Weight / Monitor
2017 AI Prediction,2017-03-31,March,Core Equity,11,ICICI Bank Ltd,INE090A01021,Bank,754970.0,1979.6026,2.9486,Core Holding (Maintain)
2017 AI Prediction,2017-03-31,March,Core Equity,12,Maharashtra Scooters Ltd,INE288A01013,Auto Ancillaries,107222.0,1735.0717,2.5843,Core Holding (Maintain)
2017 AI Prediction,2017-03-31,March,Core Equity,13,Gujarat Gas Ltd,INE844O01022,Gas,298660.0,1555.7432,2.3172,Core Holding (Maintain)
2017 AI Prediction,2017-03-31,March,Core Equity,14,IPCA Laboratories Ltd,INE571A01020,Pharmaceuticals,236663.0,1297.8899,1.9332,Core Holding (Maintain)
2017 AI Prediction,2017-03-31,March,Core Equity,15,Dr.Reddys Laboratories Ltd,INE089A01023,Pharmaceuticals,40000.0,1254.0377,1.8678,Moderate Weight / Monitor
2017 AI Prediction,2017-03-31,March,Core Equity,16,IL&FS Investment Managers Ltd,INE050B01023,Finance,8038985.0,1182.7881,1.7617,Core Holding (Maintain)
2017 AI Prediction,2017-03-31,March,Core Equity,17,Pfizer (I) Ltd,INE182A01018,Pharmaceuticals,33600.0,629.3918,0.9375,Core Holding (Maintain)
2017 AI Prediction,2017-03-31,March,Core Equity,18,MT Educare Ltd,INE472M01018,Diversified Consumer Services,178078.0,208.6117,0.3107,Core Holding (Maintain)
2017 AI Prediction,2017-03-31,March,Special Situation / Arbitrage,19,Tata Motors Ltd,INE155A01022,Auto,184500.0,879.7644,1.3103,Core Holding (Maintain)
2017 AI Prediction,2017-03-31,March,Special Situation / Arbitrage,20,Sun Pharmaceuticals Industries Ltd,INE044A01036,Pharmaceuticals,128800.0,811.7556,1.209,Tactical Arbitrage (Rebalance)
2017 AI Prediction,2017-03-31,March,Special Situation / Arbitrage,21,Cairn India Ltd,INE910H01017,Oil,231000.0,576.5707,0.8588,Tactical Arbitrage (Rebalance)
2017 AI Prediction,2017-03-31,March,Special Situation / Arbitrage,22,ITC Ltd,INE154A01025,Consumer Non Durables,124800.0,307.9156,0.4587,Tactical Arbitrage (Rebalance)
2017 AI Prediction,2017-03-31,March,Foreign Equity / ADRs,27,Alphabet INC,US02079K1079,Software,15093.0,8099.162,12.0633,Core Anchor (Hold 100%)
2017 AI Prediction,2017-03-31,March,Foreign Equity / ADRs,28,United Parcel Services INC,US9113121068,Logistics,39675.0,3093.5515,4.6077,Accumulate / Overweight
2017 AI Prediction,2017-03-31,March,Foreign Equity / ADRs,29,International Business Machines Corp,US4592001014,Software,20920.0,2387.3025,3.5558,Core Holding (Maintain)
2017 AI Prediction,2017-03-31,March,Foreign Equity / ADRs,30,3M CO,US88579Y1010,Industrial Conglomerates,17755.0,2170.9966,3.2336,Core Holding (Maintain)
2017 AI Prediction,2017-03-31,March,Foreign Equity / ADRs,31,Nestle SA-ADR *,US6410694060,Consumer-Food Proc,40690.0,2023.4514,3.0138,Moderate Weight / Monitor
2017 AI Prediction,2017-03-31,March,Foreign Equity / ADRs,32,APPLE Inc,US0378331005,Software,12550.0,1016.6609,1.5143,Moderate Weight / Monitor
2017 AI Prediction,2017-03-31,March,Foreign Equity / ADRs,33,Anheuser Busch Inbev SA-ADR,US03524A1088,Consumer Misc,8316.0,611.3507,0.9106,Core Holding (Maintain)
2017 AI Prediction,2017-03-31,March,Foreign Equity / ADRs,34,Standard Chartered PLC,GB0004082847,Bank,56717.0,313.2046,0.4665,Core Holding (Maintain)
2017 AI Prediction,2017-04-30,April,Core Equity,1,HDFC Bank Ltd,INE040A01026,Bank,369070.0,4489.1995,6.6342,Accumulate / Overweight
2017 AI Prediction,2017-04-30,April,Core Equity,2,Bajaj Holdings & Investment Ltd,INE118A01012,Finance,240482.0,4518.4296,6.6774,Moderate Weight / Monitor
2017 AI Prediction,2017-04-30,April,Core Equity,3,ICRA Ltd,INE725G01011,Finance,85671.0,3532.3482,5.2202,Accumulate / Overweight
2017 AI Prediction,2017-04-30,April,Core Equity,4,Persistent Systems Ltd,INE262H01013,Software,542373.0,3432.3715,5.0724,Accumulate / Overweight
2017 AI Prediction,2017-04-30,April,Core Equity,5,Indraprastha Gas Ltd,INE203G01019,Gas,353400.0,3358.9945,4.964,Accumulate / Overweight
2017 AI Prediction,2017-04-30,April,Core Equity,6,Zydus Wellness Ltd,INE768C01010,Consumer Non Durables,371729.0,3296.186,4.8712,Accumulate / Overweight
2017 AI Prediction,2017-04-30,April,Core Equity,7,Balkrishna Industries Ltd,INE787D01026,Auto Ancillaries,229215.0,2590.0988,3.8277,Core Holding (Maintain)
2017 AI Prediction,2017-04-30,April,Core Equity,8,Mahindra Holidays & Resorts India Ltd,INE998I01010,"Hotels,Resorts & Other Recreatnl Actvities",574281.0,2334.0033,3.4493,Moderate Weight / Monitor
2017 AI Prediction,2017-04-30,April,Core Equity,9,Axis Bank Ltd,INE238A01034,Bank,505179.0,2283.4207,3.3745,Core Holding (Maintain)
2017 AI Prediction,2017-04-30,April,Core Equity,10,Mphasis Ltd(prev)Mphasis BFL Ltd,INE356A01018,Software,363500.0,2070.9964,3.0605,Moderate Weight / Monitor
2017 AI Prediction,2017-04-30,April,Core Equity,11,ICICI Bank Ltd,INE090A01021,Bank,754970.0,1936.7043,2.8621,Core Holding (Maintain)
2017 AI Prediction,2017-04-30,April,Core Equity,12,Maharashtra Scooters Ltd,INE288A01013,Auto Ancillaries,107222.0,1779.7236,2.6301,Core Holding (Maintain)
2017 AI Prediction,2017-04-30,April,Core Equity,13,Gujarat Gas Ltd,INE844O01022,Gas,298660.0,1587.754,2.3464,Core Holding (Maintain)
2017 AI Prediction,2017-04-30,April,Core Equity,14,IPCA Laboratories Ltd,INE571A01020,Pharmaceuticals,236663.0,1292.2517,1.9098,Core Holding (Maintain)
2017 AI Prediction,2017-04-30,April,Core Equity,15,Dr.Reddys Laboratories Ltd,INE089A01023,Pharmaceuticals,40000.0,1273.9759,1.8827,Moderate Weight / Monitor
2017 AI Prediction,2017-04-30,April,Core Equity,16,IL&FS Investment Managers Ltd,INE050B01023,Finance,8038985.0,1169.4343,1.7282,Core Holding (Maintain)
2017 AI Prediction,2017-04-30,April,Core Equity,17,Pfizer (I) Ltd,INE182A01018,Pharmaceuticals,33600.0,625.2888,0.9241,Core Holding (Maintain)
2017 AI Prediction,2017-04-30,April,Core Equity,18,MT Educare Ltd,INE472M01018,Diversified Consumer Services,178078.0,216.0852,0.3193,Core Holding (Maintain)
2017 AI Prediction,2017-04-30,April,Special Situation / Arbitrage,19,Tata Motors Ltd,INE155A01022,Auto,184500.0,882.0665,1.3035,Core Holding (Maintain)
2017 AI Prediction,2017-04-30,April,Special Situation / Arbitrage,20,Sun Pharmaceuticals Industries Ltd,INE044A01036,Pharmaceuticals,128800.0,816.8548,1.2071,Tactical Arbitrage (Rebalance)
2017 AI Prediction,2017-04-30,April,Special Situation / Arbitrage,21,Cairn India Ltd,INE910H01017,Oil,231000.0,567.9742,0.8394,Tactical Arbitrage (Rebalance)
2017 AI Prediction,2017-04-30,April,Special Situation / Arbitrage,22,ITC Ltd,INE154A01025,Consumer Non Durables,124800.0,304.6323,0.4502,Tactical Arbitrage (Rebalance)
2017 AI Prediction,2017-04-30,April,Foreign Equity / ADRs,27,Alphabet INC,US02079K1079,Software,15093.0,8359.7849,12.3543,Core Anchor (Hold 100%)
2017 AI Prediction,2017-04-30,April,Foreign Equity / ADRs,28,United Parcel Services INC,US9113121068,Logistics,39675.0,3212.4192,4.7474,Accumulate / Overweight
2017 AI Prediction,2017-04-30,April,Foreign Equity / ADRs,29,International Business Machines Corp,US4592001014,Software,20920.0,2437.3677,3.602,Core Holding (Maintain)
2017 AI Prediction,2017-04-30,April,Foreign Equity / ADRs,30,3M CO,US88579Y1010,Industrial Conglomerates,17755.0,2236.2399,3.3048,Core Holding (Maintain)
2017 AI Prediction,2017-04-30,April,Foreign Equity / ADRs,31,Nestle SA-ADR *,US6410694060,Consumer-Food Proc,40690.0,2045.3711,3.0227,Moderate Weight / Monitor
2017 AI Prediction,2017-04-30,April,Foreign Equity / ADRs,32,APPLE Inc,US0378331005,Software,12550.0,1006.2828,1.4871,Moderate Weight / Monitor
2017 AI Prediction,2017-04-30,April,Foreign Equity / ADRs,33,Anheuser Busch Inbev SA-ADR,US03524A1088,Consumer Misc,8316.0,616.2943,0.9108,Core Holding (Maintain)
2017 AI Prediction,2017-04-30,April,Foreign Equity / ADRs,34,Standard Chartered PLC,GB0004082847,Bank,56717.0,316.5193,0.4677,Core Holding (Maintain)
2017 AI Prediction,2017-05-31,May,Core Equity,1,HDFC Bank Ltd,INE040A01026,Bank,369070.0,4650.6748,6.8195,Accumulate / Overweight
2017 AI Prediction,2017-05-31,May,Core Equity,2,Bajaj Holdings & Investment Ltd,INE118A01012,Finance,240482.0,4586.7535,6.7258,Moderate Weight / Monitor
2017 AI Prediction,2017-05-31,May,Core Equity,3,ICRA Ltd,INE725G01011,Finance,85671.0,3497.5444,5.1287,Accumulate / Overweight
2017 AI Prediction,2017-05-31,May,Core Equity,4,Persistent Systems Ltd,INE262H01013,Software,542373.0,3396.9046,4.9811,Accumulate / Overweight
2017 AI Prediction,2017-05-31,May,Core Equity,5,Indraprastha Gas Ltd,INE203G01019,Gas,353400.0,3312.4934,4.8574,Accumulate / Overweight
2017 AI Prediction,2017-05-31,May,Core Equity,6,Zydus Wellness Ltd,INE768C01010,Consumer Non Durables,371729.0,3313.0739,4.8582,Accumulate / Overweight
2017 AI Prediction,2017-05-31,May,Core Equity,7,Balkrishna Industries Ltd,INE787D01026,Auto Ancillaries,229215.0,2641.1373,3.8728,Core Holding (Maintain)
2017 AI Prediction,2017-05-31,May,Core Equity,8,Mahindra Holidays & Resorts India Ltd,INE998I01010,"Hotels,Resorts & Other Recreatnl Actvities",574281.0,2393.1147,3.5092,Moderate Weight / Monitor
2017 AI Prediction,2017-05-31,May,Core Equity,9,Axis Bank Ltd,INE238A01034,Bank,505179.0,2299.5271,3.372,Core Holding (Maintain)
2017 AI Prediction,2017-05-31,May,Core Equity,10,Mphasis Ltd(prev)Mphasis BFL Ltd,INE356A01018,Software,363500.0,2121.3452,3.1106,Moderate Weight / Monitor
2017 AI Prediction,2017-05-31,May,Core Equity,11,ICICI Bank Ltd,INE090A01021,Bank,754970.0,1982.5453,2.9072,Core Holding (Maintain)
2017 AI Prediction,2017-05-31,May,Core Equity,12,Maharashtra Scooters Ltd,INE288A01013,Auto Ancillaries,107222.0,1764.0648,2.5867,Core Holding (Maintain)
2017 AI Prediction,2017-05-31,May,Core Equity,13,Gujarat Gas Ltd,INE844O01022,Gas,298660.0,1587.6166,2.3281,Core Holding (Maintain)
2017 AI Prediction,2017-05-31,May,Core Equity,14,IPCA Laboratories Ltd,INE571A01020,Pharmaceuticals,236663.0,1293.4448,1.8967,Core Holding (Maintain)
2017 AI Prediction,2017-05-31,May,Core Equity,15,Dr.Reddys Laboratories Ltd,INE089A01023,Pharmaceuticals,40000.0,1285.7148,1.8853,Moderate Weight / Monitor
2017 AI Prediction,2017-05-31,May,Core Equity,16,IL&FS Investment Managers Ltd,INE050B01023,Finance,8038985.0,1182.0902,1.7334,Core Holding (Maintain)
2017 AI Prediction,2017-05-31,May,Core Equity,17,Pfizer (I) Ltd,INE182A01018,Pharmaceuticals,33600.0,632.9163,0.9281,Core Holding (Maintain)
2017 AI Prediction,2017-05-31,May,Core Equity,18,MT Educare Ltd,INE472M01018,Diversified Consumer Services,178078.0,217.3204,0.3187,Core Holding (Maintain)
2017 AI Prediction,2017-05-31,May,Special Situation / Arbitrage,19,Tata Motors Ltd,INE155A01022,Auto,184500.0,893.8046,1.3106,Core Holding (Maintain)
2017 AI Prediction,2017-05-31,May,Special Situation / Arbitrage,20,Sun Pharmaceuticals Industries Ltd,INE044A01036,Pharmaceuticals,128800.0,853.209,1.2511,Tactical Arbitrage (Rebalance)
2017 AI Prediction,2017-05-31,May,Special Situation / Arbitrage,21,Cairn India Ltd,INE910H01017,Oil,231000.0,587.9444,0.8622,Tactical Arbitrage (Rebalance)
2017 AI Prediction,2017-05-31,May,Special Situation / Arbitrage,22,ITC Ltd,INE154A01025,Consumer Non Durables,124800.0,308.1396,0.4519,Tactical Arbitrage (Rebalance)
2017 AI Prediction,2017-05-31,May,Foreign Equity / ADRs,27,Alphabet INC,US02079K1079,Software,15093.0,8281.8213,12.1442,Core Anchor (Hold 100%)
2017 AI Prediction,2017-05-31,May,Foreign Equity / ADRs,28,United Parcel Services INC,US9113121068,Logistics,39675.0,3172.6278,4.6522,Accumulate / Overweight
2017 AI Prediction,2017-05-31,May,Foreign Equity / ADRs,29,International Business Machines Corp,US4592001014,Software,20920.0,2422.3429,3.5521,Core Holding (Maintain)
2017 AI Prediction,2017-05-31,May,Foreign Equity / ADRs,30,3M CO,US88579Y1010,Industrial Conglomerates,17755.0,2179.5766,3.1961,Core Holding (Maintain)
2017 AI Prediction,2017-05-31,May,Foreign Equity / ADRs,31,Nestle SA-ADR *,US6410694060,Consumer-Food Proc,40690.0,2045.5377,2.9995,Moderate Weight / Monitor
2017 AI Prediction,2017-05-31,May,Foreign Equity / ADRs,32,APPLE Inc,US0378331005,Software,12550.0,1027.1303,1.5062,Moderate Weight / Monitor
2017 AI Prediction,2017-05-31,May,Foreign Equity / ADRs,33,Anheuser Busch Inbev SA-ADR,US03524A1088,Consumer Misc,8316.0,600.536,0.8806,Core Holding (Maintain)
2017 AI Prediction,2017-05-31,May,Foreign Equity / ADRs,34,Standard Chartered PLC,GB0004082847,Bank,56717.0,315.6709,0.4629,Core Holding (Maintain)
2017 AI Prediction,2017-06-30,June,Core Equity,1,HDFC Bank Ltd,INE040A01026,Bank,369070.0,4705.3986,6.8467,Accumulate / Overweight
2017 AI Prediction,2017-06-30,June,Core Equity,2,Bajaj Holdings & Investment Ltd,INE118A01012,Finance,240482.0,4502.8157,6.5519,Moderate Weight / Monitor
2017 AI Prediction,2017-06-30,June,Core Equity,3,ICRA Ltd,INE725G01011,Finance,85671.0,3500.0723,5.0929,Accumulate / Overweight
2017 AI Prediction,2017-06-30,June,Core Equity,4,Persistent Systems Ltd,INE262H01013,Software,542373.0,3476.0116,5.0579,Accumulate / Overweight
2017 AI Prediction,2017-06-30,June,Core Equity,5,Indraprastha Gas Ltd,INE203G01019,Gas,353400.0,3440.4602,5.0062,Accumulate / Overweight
2017 AI Prediction,2017-06-30,June,Core Equity,6,Zydus Wellness Ltd,INE768C01010,Consumer Non Durables,371729.0,3313.9706,4.8221,Accumulate / Overweight
2017 AI Prediction,2017-06-30,June,Core Equity,7,Balkrishna Industries Ltd,INE787D01026,Auto Ancillaries,229215.0,2646.2753,3.8505,Core Holding (Maintain)
2017 AI Prediction,2017-06-30,June,Core Equity,8,Mahindra Holidays & Resorts India Ltd,INE998I01010,"Hotels,Resorts & Other Recreatnl Actvities",574281.0,2402.2411,3.4955,Moderate Weight / Monitor
2017 AI Prediction,2017-06-30,June,Core Equity,9,Axis Bank Ltd,INE238A01034,Bank,505179.0,2339.1663,3.4037,Core Holding (Maintain)
2017 AI Prediction,2017-06-30,June,Core Equity,10,Mphasis Ltd(prev)Mphasis BFL Ltd,INE356A01018,Software,363500.0,2156.3779,3.1377,Moderate Weight / Monitor
2017 AI Prediction,2017-06-30,June,Core Equity,11,ICICI Bank Ltd,INE090A01021,Bank,754970.0,1993.9346,2.9014,Core Holding (Maintain)
2017 AI Prediction,2017-06-30,June,Core Equity,12,Maharashtra Scooters Ltd,INE288A01013,Auto Ancillaries,107222.0,1807.2366,2.6296,Core Holding (Maintain)
2017 AI Prediction,2017-06-30,June,Core Equity,13,Gujarat Gas Ltd,INE844O01022,Gas,298660.0,1633.3042,2.3766,Core Holding (Maintain)
2017 AI Prediction,2017-06-30,June,Core Equity,14,IPCA Laboratories Ltd,INE571A01020,Pharmaceuticals,236663.0,1313.8708,1.9118,Core Holding (Maintain)
2017 AI Prediction,2017-06-30,June,Core Equity,15,Dr.Reddys Laboratories Ltd,INE089A01023,Pharmaceuticals,40000.0,1252.2619,1.8221,Moderate Weight / Monitor
2017 AI Prediction,2017-06-30,June,Core Equity,16,IL&FS Investment Managers Ltd,INE050B01023,Finance,8038985.0,1215.8291,1.7691,Core Holding (Maintain)
2017 AI Prediction,2017-06-30,June,Core Equity,17,Pfizer (I) Ltd,INE182A01018,Pharmaceuticals,33600.0,632.7746,0.9208,Core Holding (Maintain)
2017 AI Prediction,2017-06-30,June,Core Equity,18,MT Educare Ltd,INE472M01018,Diversified Consumer Services,178078.0,214.5169,0.3121,Core Holding (Maintain)
2017 AI Prediction,2017-06-30,June,Special Situation / Arbitrage,19,Tata Motors Ltd,INE155A01022,Auto,184500.0,889.0373,1.2936,Core Holding (Maintain)
2017 AI Prediction,2017-06-30,June,Special Situation / Arbitrage,20,Sun Pharmaceuticals Industries Ltd,INE044A01036,Pharmaceuticals,128800.0,846.9658,1.2324,Tactical Arbitrage (Rebalance)
2017 AI Prediction,2017-06-30,June,Special Situation / Arbitrage,21,Cairn India Ltd,INE910H01017,Oil,231000.0,585.873,0.8525,Tactical Arbitrage (Rebalance)
2017 AI Prediction,2017-06-30,June,Special Situation / Arbitrage,22,ITC Ltd,INE154A01025,Consumer Non Durables,124800.0,307.5776,0.4476,Tactical Arbitrage (Rebalance)
2017 AI Prediction,2017-06-30,June,Foreign Equity / ADRs,27,Alphabet INC,US02079K1079,Software,15093.0,8350.9778,12.1514,Core Anchor (Hold 100%)
2017 AI Prediction,2017-06-30,June,Foreign Equity / ADRs,28,United Parcel Services INC,US9113121068,Logistics,39675.0,3187.6327,4.6383,Accumulate / Overweight
2017 AI Prediction,2017-06-30,June,Foreign Equity / ADRs,29,International Business Machines Corp,US4592001014,Software,20920.0,2476.6108,3.6037,Core Holding (Maintain)
2017 AI Prediction,2017-06-30,June,Foreign Equity / ADRs,30,3M CO,US88579Y1010,Industrial Conglomerates,17755.0,2208.7793,3.214,Core Holding (Maintain)
2017 AI Prediction,2017-06-30,June,Foreign Equity / ADRs,31,Nestle SA-ADR *,US6410694060,Consumer-Food Proc,40690.0,2068.075,3.0092,Moderate Weight / Monitor
2017 AI Prediction,2017-06-30,June,Foreign Equity / ADRs,32,APPLE Inc,US0378331005,Software,12550.0,1030.2926,1.4992,Moderate Weight / Monitor
2017 AI Prediction,2017-06-30,June,Foreign Equity / ADRs,33,Anheuser Busch Inbev SA-ADR,US03524A1088,Consumer Misc,8316.0,627.0127,0.9124,Core Holding (Maintain)
2017 AI Prediction,2017-06-30,June,Foreign Equity / ADRs,34,Standard Chartered PLC,GB0004082847,Bank,56717.0,316.3062,0.4602,Core Holding (Maintain)
2017 AI Prediction,2017-07-31,July,Core Equity,1,HDFC Bank Ltd,INE040A01026,Bank,369070.0,4635.7454,6.6939,Accumulate / Overweight
2017 AI Prediction,2017-07-31,July,Core Equity,2,Bajaj Holdings & Investment Ltd,INE118A01012,Finance,240482.0,4514.327,6.5185,Moderate Weight / Monitor
2017 AI Prediction,2017-07-31,July,Core Equity,3,ICRA Ltd,INE725G01011,Finance,85671.0,3638.595,5.2541,Accumulate / Overweight
2017 AI Prediction,2017-07-31,July,Core Equity,4,Persistent Systems Ltd,INE262H01013,Software,542373.0,3557.1198,5.1364,Accumulate / Overweight
2017 AI Prediction,2017-07-31,July,Core Equity,5,Indraprastha Gas Ltd,INE203G01019,Gas,353400.0,3367.9318,4.8633,Accumulate / Overweight
2017 AI Prediction,2017-07-31,July,Core Equity,6,Zydus Wellness Ltd,INE768C01010,Consumer Non Durables,371729.0,3395.871,4.9036,Accumulate / Overweight
2017 AI Prediction,2017-07-31,July,Core Equity,7,Balkrishna Industries Ltd,INE787D01026,Auto Ancillaries,229215.0,2682.0012,3.8727,Core Holding (Maintain)
2017 AI Prediction,2017-07-31,July,Core Equity,8,Mahindra Holidays & Resorts India Ltd,INE998I01010,"Hotels,Resorts & Other Recreatnl Actvities",574281.0,2400.9396,3.4669,Moderate Weight / Monitor
2017 AI Prediction,2017-07-31,July,Core Equity,9,Axis Bank Ltd,INE238A01034,Bank,505179.0,2384.9847,3.4439,Core Holding (Maintain)
2017 AI Prediction,2017-07-31,July,Core Equity,10,Mphasis Ltd(prev)Mphasis BFL Ltd,INE356A01018,Software,363500.0,2131.0738,3.0772,Moderate Weight / Monitor
2017 AI Prediction,2017-07-31,July,Core Equity,11,ICICI Bank Ltd,INE090A01021,Bank,754970.0,1987.0789,2.8693,Core Holding (Maintain)
2017 AI Prediction,2017-07-31,July,Core Equity,12,Maharashtra Scooters Ltd,INE288A01013,Auto Ancillaries,107222.0,1840.3344,2.6574,Core Holding (Maintain)
2017 AI Prediction,2017-07-31,July,Core Equity,13,Gujarat Gas Ltd,INE844O01022,Gas,298660.0,1663.3452,2.4019,Core Holding (Maintain)
2017 AI Prediction,2017-07-31,July,Core Equity,14,IPCA Laboratories Ltd,INE571A01020,Pharmaceuticals,236663.0,1329.1245,1.9193,Core Holding (Maintain)
2017 AI Prediction,2017-07-31,July,Core Equity,15,Dr.Reddys Laboratories Ltd,INE089A01023,Pharmaceuticals,40000.0,1274.6592,1.8406,Moderate Weight / Monitor
2017 AI Prediction,2017-07-31,July,Core Equity,16,IL&FS Investment Managers Ltd,INE050B01023,Finance,8038985.0,1201.6748,1.7352,Core Holding (Maintain)
2017 AI Prediction,2017-07-31,July,Core Equity,17,Pfizer (I) Ltd,INE182A01018,Pharmaceuticals,33600.0,648.051,0.9358,Core Holding (Maintain)
2017 AI Prediction,2017-07-31,July,Core Equity,18,MT Educare Ltd,INE472M01018,Diversified Consumer Services,178078.0,222.3893,0.3211,Core Holding (Maintain)
2017 AI Prediction,2017-07-31,July,Special Situation / Arbitrage,19,Tata Motors Ltd,INE155A01022,Auto,184500.0,926.7711,1.3382,Core Holding (Maintain)
2017 AI Prediction,2017-07-31,July,Special Situation / Arbitrage,20,Sun Pharmaceuticals Industries Ltd,INE044A01036,Pharmaceuticals,128800.0,859.9092,1.2416,Tactical Arbitrage (Rebalance)
2017 AI Prediction,2017-07-31,July,Special Situation / Arbitrage,21,Cairn India Ltd,INE910H01017,Oil,231000.0,589.5465,0.8513,Tactical Arbitrage (Rebalance)
2017 AI Prediction,2017-07-31,July,Special Situation / Arbitrage,22,ITC Ltd,INE154A01025,Consumer Non Durables,124800.0,310.7976,0.4488,Tactical Arbitrage (Rebalance)
2017 AI Prediction,2017-07-31,July,Foreign Equity / ADRs,27,Alphabet INC,US02079K1079,Software,15093.0,8297.3038,11.9811,Core Anchor (Hold 100%)
2017 AI Prediction,2017-07-31,July,Foreign Equity / ADRs,28,United Parcel Services INC,US9113121068,Logistics,39675.0,3299.4583,4.7644,Accumulate / Overweight
2017 AI Prediction,2017-07-31,July,Foreign Equity / ADRs,29,International Business Machines Corp,US4592001014,Software,20920.0,2491.8163,3.5982,Core Holding (Maintain)
2017 AI Prediction,2017-07-31,July,Foreign Equity / ADRs,30,3M CO,US88579Y1010,Industrial Conglomerates,17755.0,2210.8707,3.1925,Core Holding (Maintain)
2017 AI Prediction,2017-07-31,July,Foreign Equity / ADRs,31,Nestle SA-ADR *,US6410694060,Consumer-Food Proc,40690.0,2035.2182,2.9388,Moderate Weight / Monitor
2017 AI Prediction,2017-07-31,July,Foreign Equity / ADRs,32,APPLE Inc,US0378331005,Software,12550.0,1049.764,1.5158,Moderate Weight / Monitor
2017 AI Prediction,2017-07-31,July,Foreign Equity / ADRs,33,Anheuser Busch Inbev SA-ADR,US03524A1088,Consumer Misc,8316.0,608.6937,0.8789,Core Holding (Maintain)
2017 AI Prediction,2017-07-31,July,Foreign Equity / ADRs,34,Standard Chartered PLC,GB0004082847,Bank,56717.0,319.0406,0.4607,Core Holding (Maintain)
2017 AI Prediction,2017-08-31,August,Core Equity,1,HDFC Bank Ltd,INE040A01026,Bank,369070.0,4710.1827,6.7498,Accumulate / Overweight
2017 AI Prediction,2017-08-31,August,Core Equity,2,Bajaj Holdings & Investment Ltd,INE118A01012,Finance,240482.0,4655.6849,6.6717,Moderate Weight / Monitor
2017 AI Prediction,2017-08-31,August,Core Equity,3,ICRA Ltd,INE725G01011,Finance,85671.0,3627.0411,5.1977,Accumulate / Overweight
2017 AI Prediction,2017-08-31,August,Core Equity,4,Persistent Systems Ltd,INE262H01013,Software,542373.0,3492.0344,5.0042,Accumulate / Overweight
2017 AI Prediction,2017-08-31,August,Core Equity,5,Indraprastha Gas Ltd,INE203G01019,Gas,353400.0,3455.9049,4.9525,Accumulate / Overweight
2017 AI Prediction,2017-08-31,August,Core Equity,6,Zydus Wellness Ltd,INE768C01010,Consumer Non Durables,371729.0,3364.3011,4.8212,Accumulate / Overweight
2017 AI Prediction,2017-08-31,August,Core Equity,7,Balkrishna Industries Ltd,INE787D01026,Auto Ancillaries,229215.0,2649.9751,3.7975,Core Holding (Maintain)
2017 AI Prediction,2017-08-31,August,Core Equity,8,Mahindra Holidays & Resorts India Ltd,INE998I01010,"Hotels,Resorts & Other Recreatnl Actvities",574281.0,2437.7379,3.4934,Moderate Weight / Monitor
2017 AI Prediction,2017-08-31,August,Core Equity,9,Axis Bank Ltd,INE238A01034,Bank,505179.0,2414.7107,3.4604,Core Holding (Maintain)
2017 AI Prediction,2017-08-31,August,Core Equity,10,Mphasis Ltd(prev)Mphasis BFL Ltd,INE356A01018,Software,363500.0,2200.0551,3.1527,Moderate Weight / Monitor
2017 AI Prediction,2017-08-31,August,Core Equity,11,ICICI Bank Ltd,INE090A01021,Bank,754970.0,2048.207,2.9352,Core Holding (Maintain)
2017 AI Prediction,2017-08-31,August,Core Equity,12,Maharashtra Scooters Ltd,INE288A01013,Auto Ancillaries,107222.0,1830.3675,2.6229,Core Holding (Maintain)
2017 AI Prediction,2017-08-31,August,Core Equity,13,Gujarat Gas Ltd,INE844O01022,Gas,298660.0,1622.8097,2.3256,Core Holding (Maintain)
2017 AI Prediction,2017-08-31,August,Core Equity,14,IPCA Laboratories Ltd,INE571A01020,Pharmaceuticals,236663.0,1325.1289,1.899,Core Holding (Maintain)
2017 AI Prediction,2017-08-31,August,Core Equity,15,Dr.Reddys Laboratories Ltd,INE089A01023,Pharmaceuticals,40000.0,1280.5719,1.8351,Moderate Weight / Monitor
2017 AI Prediction,2017-08-31,August,Core Equity,16,IL&FS Investment Managers Ltd,INE050B01023,Finance,8038985.0,1205.7208,1.7278,Core Holding (Maintain)
2017 AI Prediction,2017-08-31,August,Core Equity,17,Pfizer (I) Ltd,INE182A01018,Pharmaceuticals,33600.0,659.3932,0.9449,Core Holding (Maintain)
2017 AI Prediction,2017-08-31,August,Core Equity,18,MT Educare Ltd,INE472M01018,Diversified Consumer Services,178078.0,219.6399,0.3147,Core Holding (Maintain)
2017 AI Prediction,2017-08-31,August,Special Situation / Arbitrage,19,Tata Motors Ltd,INE155A01022,Auto,184500.0,934.0282,1.3385,Core Holding (Maintain)
2017 AI Prediction,2017-08-31,August,Special Situation / Arbitrage,20,Sun Pharmaceuticals Industries Ltd,INE044A01036,Pharmaceuticals,128800.0,861.3754,1.2343,Tactical Arbitrage (Rebalance)
2017 AI Prediction,2017-08-31,August,Special Situation / Arbitrage,21,Cairn India Ltd,INE910H01017,Oil,231000.0,597.6567,0.8565,Tactical Arbitrage (Rebalance)
2017 AI Prediction,2017-08-31,August,Special Situation / Arbitrage,22,ITC Ltd,INE154A01025,Consumer Non Durables,124800.0,318.5012,0.4564,Tactical Arbitrage (Rebalance)
2017 AI Prediction,2017-08-31,August,Foreign Equity / ADRs,27,Alphabet INC,US02079K1079,Software,15093.0,8501.4261,12.1829,Core Anchor (Hold 100%)
2017 AI Prediction,2017-08-31,August,Foreign Equity / ADRs,28,United Parcel Services INC,US9113121068,Logistics,39675.0,3271.4952,4.6882,Accumulate / Overweight
2017 AI Prediction,2017-08-31,August,Foreign Equity / ADRs,29,International Business Machines Corp,US4592001014,Software,20920.0,2469.716,3.5392,Core Holding (Maintain)
2017 AI Prediction,2017-08-31,August,Foreign Equity / ADRs,30,3M CO,US88579Y1010,Industrial Conglomerates,17755.0,2292.5784,3.2854,Core Holding (Maintain)
2017 AI Prediction,2017-08-31,August,Foreign Equity / ADRs,31,Nestle SA-ADR *,US6410694060,Consumer-Food Proc,40690.0,2065.7005,2.9602,Moderate Weight / Monitor
2017 AI Prediction,2017-08-31,August,Foreign Equity / ADRs,32,APPLE Inc,US0378331005,Software,12550.0,1030.9085,1.4773,Moderate Weight / Monitor
2017 AI Prediction,2017-08-31,August,Foreign Equity / ADRs,33,Anheuser Busch Inbev SA-ADR,US03524A1088,Consumer Misc,8316.0,629.3691,0.9019,Core Holding (Maintain)
2017 AI Prediction,2017-08-31,August,Foreign Equity / ADRs,34,Standard Chartered PLC,GB0004082847,Bank,56717.0,321.6885,0.461,Core Holding (Maintain)
2017 AI Prediction,2017-09-30,September,Core Equity,1,HDFC Bank Ltd,INE040A01026,Bank,369070.0,4820.0841,6.8554,Accumulate / Overweight
2017 AI Prediction,2017-09-30,September,Core Equity,2,Bajaj Holdings & Investment Ltd,INE118A01012,Finance,240482.0,4739.7482,6.7411,Moderate Weight / Monitor
2017 AI Prediction,2017-09-30,September,Core Equity,3,ICRA Ltd,INE725G01011,Finance,85671.0,3692.7179,5.252,Accumulate / Overweight
2017 AI Prediction,2017-09-30,September,Core Equity,4,Persistent Systems Ltd,INE262H01013,Software,542373.0,3539.2506,5.0337,Accumulate / Overweight
2017 AI Prediction,2017-09-30,September,Core Equity,5,Indraprastha Gas Ltd,INE203G01019,Gas,353400.0,3385.8607,4.8156,Accumulate / Overweight
2017 AI Prediction,2017-09-30,September,Core Equity,6,Zydus Wellness Ltd,INE768C01010,Consumer Non Durables,371729.0,3484.4867,4.9559,Accumulate / Overweight
2017 AI Prediction,2017-09-30,September,Core Equity,7,Balkrishna Industries Ltd,INE787D01026,Auto Ancillaries,229215.0,2681.1055,3.8132,Core Holding (Maintain)
2017 AI Prediction,2017-09-30,September,Core Equity,8,Mahindra Holidays & Resorts India Ltd,INE998I01010,"Hotels,Resorts & Other Recreatnl Actvities",574281.0,2477.6251,3.5239,Moderate Weight / Monitor
2017 AI Prediction,2017-09-30,September,Core Equity,9,Axis Bank Ltd,INE238A01034,Bank,505179.0,2463.3794,3.5036,Core Holding (Maintain)
2017 AI Prediction,2017-09-30,September,Core Equity,10,Mphasis Ltd(prev)Mphasis BFL Ltd,INE356A01018,Software,363500.0,2217.0533,3.1532,Moderate Weight / Monitor
2017 AI Prediction,2017-09-30,September,Core Equity,11,ICICI Bank Ltd,INE090A01021,Bank,754970.0,2033.9327,2.8928,Core Holding (Maintain)
2017 AI Prediction,2017-09-30,September,Core Equity,12,Maharashtra Scooters Ltd,INE288A01013,Auto Ancillaries,107222.0,1830.7554,2.6038,Core Holding (Maintain)
2017 AI Prediction,2017-09-30,September,Core Equity,13,Gujarat Gas Ltd,INE844O01022,Gas,298660.0,1685.4634,2.3972,Core Holding (Maintain)
2017 AI Prediction,2017-09-30,September,Core Equity,14,IPCA Laboratories Ltd,INE571A01020,Pharmaceuticals,236663.0,1332.4405,1.8951,Core Holding (Maintain)
2017 AI Prediction,2017-09-30,September,Core Equity,15,Dr.Reddys Laboratories Ltd,INE089A01023,Pharmaceuticals,40000.0,1285.2867,1.828,Moderate Weight / Monitor
2017 AI Prediction,2017-09-30,September,Core Equity,16,IL&FS Investment Managers Ltd,INE050B01023,Finance,8038985.0,1230.2131,1.7497,Core Holding (Maintain)
2017 AI Prediction,2017-09-30,September,Core Equity,17,Pfizer (I) Ltd,INE182A01018,Pharmaceuticals,33600.0,663.4274,0.9436,Core Holding (Maintain)
2017 AI Prediction,2017-09-30,September,Core Equity,18,MT Educare Ltd,INE472M01018,Diversified Consumer Services,178078.0,223.9969,0.3186,Core Holding (Maintain)
2017 AI Prediction,2017-09-30,September,Special Situation / Arbitrage,19,Tata Motors Ltd,INE155A01022,Auto,184500.0,929.1704,1.3215,Core Holding (Maintain)
2017 AI Prediction,2017-09-30,September,Special Situation / Arbitrage,20,Sun Pharmaceuticals Industries Ltd,INE044A01036,Pharmaceuticals,128800.0,849.4607,1.2081,Tactical Arbitrage (Rebalance)
2017 AI Prediction,2017-09-30,September,Special Situation / Arbitrage,21,Cairn India Ltd,INE910H01017,Oil,231000.0,597.9039,0.8504,Tactical Arbitrage (Rebalance)
2017 AI Prediction,2017-09-30,September,Special Situation / Arbitrage,22,ITC Ltd,INE154A01025,Consumer Non Durables,124800.0,327.1702,0.4653,Tactical Arbitrage (Rebalance)
2017 AI Prediction,2017-09-30,September,Foreign Equity / ADRs,27,Alphabet INC,US02079K1079,Software,15093.0,8416.6209,11.9706,Core Anchor (Hold 100%)
2017 AI Prediction,2017-09-30,September,Foreign Equity / ADRs,28,United Parcel Services INC,US9113121068,Logistics,39675.0,3299.6836,4.693,Accumulate / Overweight
2017 AI Prediction,2017-09-30,September,Foreign Equity / ADRs,29,International Business Machines Corp,US4592001014,Software,20920.0,2557.1611,3.637,Core Holding (Maintain)
2017 AI Prediction,2017-09-30,September,Foreign Equity / ADRs,30,3M CO,US88579Y1010,Industrial Conglomerates,17755.0,2311.6239,3.2878,Core Holding (Maintain)
2017 AI Prediction,2017-09-30,September,Foreign Equity / ADRs,31,Nestle SA-ADR *,US6410694060,Consumer-Food Proc,40690.0,2116.3103,3.0099,Moderate Weight / Monitor
2017 AI Prediction,2017-09-30,September,Foreign Equity / ADRs,32,APPLE Inc,US0378331005,Software,12550.0,1067.442,1.5182,Moderate Weight / Monitor
2017 AI Prediction,2017-09-30,September,Foreign Equity / ADRs,33,Anheuser Busch Inbev SA-ADR,US03524A1088,Consumer Misc,8316.0,626.925,0.8917,Core Holding (Maintain)
2017 AI Prediction,2017-09-30,September,Foreign Equity / ADRs,34,Standard Chartered PLC,GB0004082847,Bank,56717.0,325.6555,0.4631,Core Holding (Maintain)
2017 AI Prediction,2017-10-31,October,Core Equity,1,HDFC Bank Ltd,INE040A01026,Bank,369070.0,4831.3002,6.8201,Accumulate / Overweight
2017 AI Prediction,2017-10-31,October,Core Equity,2,Bajaj Holdings & Investment Ltd,INE118A01012,Finance,240482.0,4748.4044,6.703,Moderate Weight / Monitor
2017 AI Prediction,2017-10-31,October,Core Equity,3,ICRA Ltd,INE725G01011,Finance,85671.0,3713.4864,5.2422,Accumulate / Overweight
2017 AI Prediction,2017-10-31,October,Core Equity,4,Persistent Systems Ltd,INE262H01013,Software,542373.0,3643.7281,5.1436,Accumulate / Overweight
2017 AI Prediction,2017-10-31,October,Core Equity,5,Indraprastha Gas Ltd,INE203G01019,Gas,353400.0,3480.3207,4.913,Accumulate / Overweight
2017 AI Prediction,2017-10-31,October,Core Equity,6,Zydus Wellness Ltd,INE768C01010,Consumer Non Durables,371729.0,3451.7607,4.8727,Accumulate / Overweight
2017 AI Prediction,2017-10-31,October,Core Equity,7,Balkrishna Industries Ltd,INE787D01026,Auto Ancillaries,229215.0,2741.3701,3.8698,Core Holding (Maintain)
2017 AI Prediction,2017-10-31,October,Core Equity,8,Mahindra Holidays & Resorts India Ltd,INE998I01010,"Hotels,Resorts & Other Recreatnl Actvities",574281.0,2465.2117,3.4801,Moderate Weight / Monitor
2017 AI Prediction,2017-10-31,October,Core Equity,9,Axis Bank Ltd,INE238A01034,Bank,505179.0,2456.3981,3.4676,Core Holding (Maintain)
2017 AI Prediction,2017-10-31,October,Core Equity,10,Mphasis Ltd(prev)Mphasis BFL Ltd,INE356A01018,Software,363500.0,2228.6818,3.1461,Moderate Weight / Monitor
2017 AI Prediction,2017-10-31,October,Core Equity,11,ICICI Bank Ltd,INE090A01021,Bank,754970.0,2098.4473,2.9623,Core Holding (Maintain)
2017 AI Prediction,2017-10-31,October,Core Equity,12,Maharashtra Scooters Ltd,INE288A01013,Auto Ancillaries,107222.0,1841.0292,2.5988,Core Holding (Maintain)
2017 AI Prediction,2017-10-31,October,Core Equity,13,Gujarat Gas Ltd,INE844O01022,Gas,298660.0,1666.2812,2.3522,Core Holding (Maintain)
2017 AI Prediction,2017-10-31,October,Core Equity,14,IPCA Laboratories Ltd,INE571A01020,Pharmaceuticals,236663.0,1330.3991,1.8781,Core Holding (Maintain)
2017 AI Prediction,2017-10-31,October,Core Equity,15,Dr.Reddys Laboratories Ltd,INE089A01023,Pharmaceuticals,40000.0,1316.4086,1.8583,Moderate Weight / Monitor
2017 AI Prediction,2017-10-31,October,Core Equity,16,IL&FS Investment Managers Ltd,INE050B01023,Finance,8038985.0,1213.698,1.7133,Core Holding (Maintain)
2017 AI Prediction,2017-10-31,October,Core Equity,17,Pfizer (I) Ltd,INE182A01018,Pharmaceuticals,33600.0,656.0502,0.9261,Core Holding (Maintain)
2017 AI Prediction,2017-10-31,October,Core Equity,18,MT Educare Ltd,INE472M01018,Diversified Consumer Services,178078.0,224.3072,0.3166,Core Holding (Maintain)
2017 AI Prediction,2017-10-31,October,Special Situation / Arbitrage,19,Tata Motors Ltd,INE155A01022,Auto,184500.0,925.5696,1.3065,Core Holding (Maintain)
2017 AI Prediction,2017-10-31,October,Special Situation / Arbitrage,20,Sun Pharmaceuticals Industries Ltd,INE044A01036,Pharmaceuticals,128800.0,873.0242,1.2324,Tactical Arbitrage (Rebalance)
2017 AI Prediction,2017-10-31,October,Special Situation / Arbitrage,21,Cairn India Ltd,INE910H01017,Oil,231000.0,588.3796,0.8306,Tactical Arbitrage (Rebalance)
2017 AI Prediction,2017-10-31,October,Special Situation / Arbitrage,22,ITC Ltd,INE154A01025,Consumer Non Durables,124800.0,317.31,0.448,Tactical Arbitrage (Rebalance)
2017 AI Prediction,2017-10-31,October,Foreign Equity / ADRs,27,Alphabet INC,US02079K1079,Software,15093.0,8714.7923,12.3022,Core Anchor (Hold 100%)
2017 AI Prediction,2017-10-31,October,Foreign Equity / ADRs,28,United Parcel Services INC,US9113121068,Logistics,39675.0,3303.4794,4.6634,Accumulate / Overweight
2017 AI Prediction,2017-10-31,October,Foreign Equity / ADRs,29,International Business Machines Corp,US4592001014,Software,20920.0,2500.2138,3.5295,Core Holding (Maintain)
2017 AI Prediction,2017-10-31,October,Foreign Equity / ADRs,30,3M CO,US88579Y1010,Industrial Conglomerates,17755.0,2308.8409,3.2593,Core Holding (Maintain)
2017 AI Prediction,2017-10-31,October,Foreign Equity / ADRs,31,Nestle SA-ADR *,US6410694060,Consumer-Food Proc,40690.0,2138.3979,3.0187,Moderate Weight / Monitor
2017 AI Prediction,2017-10-31,October,Foreign Equity / ADRs,32,APPLE Inc,US0378331005,Software,12550.0,1054.7005,1.4889,Moderate Weight / Monitor
2017 AI Prediction,2017-10-31,October,Foreign Equity / ADRs,33,Anheuser Busch Inbev SA-ADR,US03524A1088,Consumer Misc,8316.0,638.3312,0.9011,Core Holding (Maintain)
2017 AI Prediction,2017-10-31,October,Foreign Equity / ADRs,34,Standard Chartered PLC,GB0004082847,Bank,56717.0,325.3482,0.4593,Core Holding (Maintain)
2017 AI Prediction,2017-11-30,November,Core Equity,1,HDFC Bank Ltd,INE040A01026,Bank,369070.0,4721.642,6.6159,Accumulate / Overweight
2017 AI Prediction,2017-11-30,November,Core Equity,2,Bajaj Holdings & Investment Ltd,INE118A01012,Finance,240482.0,4731.1524,6.6292,Moderate Weight / Monitor
2017 AI Prediction,2017-11-30,November,Core Equity,3,ICRA Ltd,INE725G01011,Finance,85671.0,3693.0552,5.1747,Accumulate / Overweight
2017 AI Prediction,2017-11-30,November,Core Equity,4,Persistent Systems Ltd,INE262H01013,Software,542373.0,3631.0795,5.0878,Accumulate / Overweight
2017 AI Prediction,2017-11-30,November,Core Equity,5,Indraprastha Gas Ltd,INE203G01019,Gas,353400.0,3536.3985,4.9552,Accumulate / Overweight
2017 AI Prediction,2017-11-30,November,Core Equity,6,Zydus Wellness Ltd,INE768C01010,Consumer Non Durables,371729.0,3543.4965,4.9651,Accumulate / Overweight
2017 AI Prediction,2017-11-30,November,Core Equity,7,Balkrishna Industries Ltd,INE787D01026,Auto Ancillaries,229215.0,2731.0425,3.8267,Core Holding (Maintain)
2017 AI Prediction,2017-11-30,November,Core Equity,8,Mahindra Holidays & Resorts India Ltd,INE998I01010,"Hotels,Resorts & Other Recreatnl Actvities",574281.0,2451.3161,3.4348,Moderate Weight / Monitor
2017 AI Prediction,2017-11-30,November,Core Equity,9,Axis Bank Ltd,INE238A01034,Bank,505179.0,2483.8832,3.4804,Core Holding (Maintain)
2017 AI Prediction,2017-11-30,November,Core Equity,10,Mphasis Ltd(prev)Mphasis BFL Ltd,INE356A01018,Software,363500.0,2198.717,3.0808,Moderate Weight / Monitor
2017 AI Prediction,2017-11-30,November,Core Equity,11,ICICI Bank Ltd,INE090A01021,Bank,754970.0,2076.5519,2.9097,Core Holding (Maintain)
2017 AI Prediction,2017-11-30,November,Core Equity,12,Maharashtra Scooters Ltd,INE288A01013,Auto Ancillaries,107222.0,1835.3872,2.5717,Core Holding (Maintain)
2017 AI Prediction,2017-11-30,November,Core Equity,13,Gujarat Gas Ltd,INE844O01022,Gas,298660.0,1655.0809,2.3191,Core Holding (Maintain)
2017 AI Prediction,2017-11-30,November,Core Equity,14,IPCA Laboratories Ltd,INE571A01020,Pharmaceuticals,236663.0,1387.6682,1.9444,Core Holding (Maintain)
2017 AI Prediction,2017-11-30,November,Core Equity,15,Dr.Reddys Laboratories Ltd,INE089A01023,Pharmaceuticals,40000.0,1339.8607,1.8774,Moderate Weight / Monitor
2017 AI Prediction,2017-11-30,November,Core Equity,16,IL&FS Investment Managers Ltd,INE050B01023,Finance,8038985.0,1255.6483,1.7594,Core Holding (Maintain)
2017 AI Prediction,2017-11-30,November,Core Equity,17,Pfizer (I) Ltd,INE182A01018,Pharmaceuticals,33600.0,659.4464,0.924,Core Holding (Maintain)
2017 AI Prediction,2017-11-30,November,Core Equity,18,MT Educare Ltd,INE472M01018,Diversified Consumer Services,178078.0,222.6482,0.312,Core Holding (Maintain)
2017 AI Prediction,2017-11-30,November,Special Situation / Arbitrage,19,Tata Motors Ltd,INE155A01022,Auto,184500.0,927.5823,1.2997,Core Holding (Maintain)
2017 AI Prediction,2017-11-30,November,Special Situation / Arbitrage,20,Sun Pharmaceuticals Industries Ltd,INE044A01036,Pharmaceuticals,128800.0,867.6002,1.2156,Tactical Arbitrage (Rebalance)
2017 AI Prediction,2017-11-30,November,Special Situation / Arbitrage,21,Cairn India Ltd,INE910H01017,Oil,231000.0,605.3054,0.8482,Tactical Arbitrage (Rebalance)
2017 AI Prediction,2017-11-30,November,Special Situation / Arbitrage,22,ITC Ltd,INE154A01025,Consumer Non Durables,124800.0,328.5013,0.4603,Tactical Arbitrage (Rebalance)
2017 AI Prediction,2017-11-30,November,Foreign Equity / ADRs,27,Alphabet INC,US02079K1079,Software,15093.0,8723.5198,12.2233,Core Anchor (Hold 100%)
2017 AI Prediction,2017-11-30,November,Foreign Equity / ADRs,28,United Parcel Services INC,US9113121068,Logistics,39675.0,3317.3879,4.6483,Accumulate / Overweight
2017 AI Prediction,2017-11-30,November,Foreign Equity / ADRs,29,International Business Machines Corp,US4592001014,Software,20920.0,2603.5406,3.6481,Core Holding (Maintain)
2017 AI Prediction,2017-11-30,November,Foreign Equity / ADRs,30,3M CO,US88579Y1010,Industrial Conglomerates,17755.0,2346.1182,3.2874,Core Holding (Maintain)
2017 AI Prediction,2017-11-30,November,Foreign Equity / ADRs,31,Nestle SA-ADR *,US6410694060,Consumer-Food Proc,40690.0,2135.9721,2.9929,Moderate Weight / Monitor
2017 AI Prediction,2017-11-30,November,Foreign Equity / ADRs,32,APPLE Inc,US0378331005,Software,12550.0,1079.5917,1.5127,Moderate Weight / Monitor
2017 AI Prediction,2017-11-30,November,Foreign Equity / ADRs,33,Anheuser Busch Inbev SA-ADR,US03524A1088,Consumer Misc,8316.0,637.8911,0.8938,Core Holding (Maintain)
2017 AI Prediction,2017-11-30,November,Foreign Equity / ADRs,34,Standard Chartered PLC,GB0004082847,Bank,56717.0,329.9411,0.4623,Core Holding (Maintain)
2017 AI Prediction,2017-12-31,December,Core Equity,1,HDFC Bank Ltd,INE040A01026,Bank,369070.0,4815.5702,6.6979,Accumulate / Overweight
2017 AI Prediction,2017-12-31,December,Core Equity,2,Bajaj Holdings & Investment Ltd,INE118A01012,Finance,240482.0,4809.324,6.6892,Moderate Weight / Monitor
2017 AI Prediction,2017-12-31,December,Core Equity,3,ICRA Ltd,INE725G01011,Finance,85671.0,3642.2248,5.0659,Accumulate / Overweight
2017 AI Prediction,2017-12-31,December,Core Equity,4,Persistent Systems Ltd,INE262H01013,Software,542373.0,3582.1089,4.9823,Accumulate / Overweight
2017 AI Prediction,2017-12-31,December,Core Equity,5,Indraprastha Gas Ltd,INE203G01019,Gas,353400.0,3466.5474,4.8216,Accumulate / Overweight
2017 AI Prediction,2017-12-31,December,Core Equity,6,Zydus Wellness Ltd,INE768C01010,Consumer Non Durables,371729.0,3438.7127,4.7829,Accumulate / Overweight
2017 AI Prediction,2017-12-31,December,Core Equity,7,Balkrishna Industries Ltd,INE787D01026,Auto Ancillaries,229215.0,2788.5731,3.8786,Core Holding (Maintain)
2017 AI Prediction,2017-12-31,December,Core Equity,8,Mahindra Holidays & Resorts India Ltd,INE998I01010,"Hotels,Resorts & Other Recreatnl Actvities",574281.0,2507.3475,3.4875,Moderate Weight / Monitor
2017 AI Prediction,2017-12-31,December,Core Equity,9,Axis Bank Ltd,INE238A01034,Bank,505179.0,2470.5267,3.4362,Core Holding (Maintain)
2017 AI Prediction,2017-12-31,December,Core Equity,10,Mphasis Ltd(prev)Mphasis BFL Ltd,INE356A01018,Software,363500.0,2199.5344,3.0593,Moderate Weight / Monitor
2017 AI Prediction,2017-12-31,December,Core Equity,11,ICICI Bank Ltd,INE090A01021,Bank,754970.0,2096.3497,2.9158,Core Holding (Maintain)
2017 AI Prediction,2017-12-31,December,Core Equity,12,Maharashtra Scooters Ltd,INE288A01013,Auto Ancillaries,107222.0,1878.6988,2.613,Core Holding (Maintain)
2017 AI Prediction,2017-12-31,December,Core Equity,13,Gujarat Gas Ltd,INE844O01022,Gas,298660.0,1677.3923,2.3331,Core Holding (Maintain)
2017 AI Prediction,2017-12-31,December,Core Equity,14,IPCA Laboratories Ltd,INE571A01020,Pharmaceuticals,236663.0,1368.9153,1.904,Core Holding (Maintain)
2017 AI Prediction,2017-12-31,December,Core Equity,15,Dr.Reddys Laboratories Ltd,INE089A01023,Pharmaceuticals,40000.0,1326.4789,1.845,Moderate Weight / Monitor
2017 AI Prediction,2017-12-31,December,Core Equity,16,IL&FS Investment Managers Ltd,INE050B01023,Finance,8038985.0,1260.9268,1.7538,Core Holding (Maintain)
2017 AI Prediction,2017-12-31,December,Core Equity,17,Pfizer (I) Ltd,INE182A01018,Pharmaceuticals,33600.0,670.3625,0.9324,Core Holding (Maintain)
2017 AI Prediction,2017-12-31,December,Core Equity,18,MT Educare Ltd,INE472M01018,Diversified Consumer Services,178078.0,223.1339,0.3104,Core Holding (Maintain)
2017 AI Prediction,2017-12-31,December,Special Situation / Arbitrage,19,Tata Motors Ltd,INE155A01022,Auto,184500.0,942.7219,1.3112,Core Holding (Maintain)
2017 AI Prediction,2017-12-31,December,Special Situation / Arbitrage,20,Sun Pharmaceuticals Industries Ltd,INE044A01036,Pharmaceuticals,128800.0,887.2913,1.2341,Tactical Arbitrage (Rebalance)
2017 AI Prediction,2017-12-31,December,Special Situation / Arbitrage,21,Cairn India Ltd,INE910H01017,Oil,231000.0,608.6671,0.8466,Tactical Arbitrage (Rebalance)
2017 AI Prediction,2017-12-31,December,Special Situation / Arbitrage,22,ITC Ltd,INE154A01025,Consumer Non Durables,124800.0,332.797,0.4629,Tactical Arbitrage (Rebalance)
2017 AI Prediction,2017-12-31,December,Foreign Equity / ADRs,27,Alphabet INC,US02079K1079,Software,15093.0,8787.6132,12.2226,Core Anchor (Hold 100%)
2017 AI Prediction,2017-12-31,December,Foreign Equity / ADRs,28,United Parcel Services INC,US9113121068,Logistics,39675.0,3326.182,4.6264,Accumulate / Overweight
2017 AI Prediction,2017-12-31,December,Foreign Equity / ADRs,29,International Business Machines Corp,US4592001014,Software,20920.0,2531.7096,3.5214,Core Holding (Maintain)
2017 AI Prediction,2017-12-31,December,Foreign Equity / ADRs,30,3M CO,US88579Y1010,Industrial Conglomerates,17755.0,2354.5555,3.275,Core Holding (Maintain)
2017 AI Prediction,2017-12-31,December,Foreign Equity / ADRs,31,Nestle SA-ADR *,US6410694060,Consumer-Food Proc,40690.0,2106.4603,2.9298,Moderate Weight / Monitor
2017 AI Prediction,2017-12-31,December,Foreign Equity / ADRs,32,APPLE Inc,US0378331005,Software,12550.0,1086.465,1.5112,Moderate Weight / Monitor
2017 AI Prediction,2017-12-31,December,Foreign Equity / ADRs,33,Anheuser Busch Inbev SA-ADR,US03524A1088,Consumer Misc,8316.0,656.042,0.9125,Core Holding (Maintain)
2017 AI Prediction,2017-12-31,December,Foreign Equity / ADRs,34,Standard Chartered PLC,GB0004082847,Bank,56717.0,336.787,0.4684,Core Holding (Maintain)
